product_id,cost_price,current_price,customer_rating,discount,sales_volume,profit_margin,price_ratio,price_adjustment
1,193.52,127.38,2.0,0.34,667,-66.14000000000001,0.5130911141545155,57.33
2,475.85,334.3,2.0,0.4,70,-141.55,1.004446848146145,69.3
3,368.68,526.31,4.6,0.13,113,157.62999999999994,1.5926587181504568,67.87
4,303.34,444.69,2.0,0.31,214,141.35000000000002,8.71087169441724,58.86
5,86.45,487.81,2.1,0.29,76,401.36,1.0607563006936742,59.24
6,86.44,402.09,4.0,0.42,360,315.65,3.6596887230363153,88.4
7,38.46,421.52,2.8,0.45,334,383.06,1.048974716304997,79.66
8,434.43,512.53,4.1,0.01,709,78.09999999999997,1.1964377421915122,44.91
9,304.55,164.81,1.3,0.34,330,-139.74,0.4146476463632475,53.7
10,356.96,303.87,3.0,0.03,887,-53.089999999999975,0.9357043879907622,34.13
11,20.09,148.3,1.1,0.27,880,128.21,6.498685363716039,39.2
12,485.26,592.85,1.3,0.14,213,107.59000000000003,2.8529836381135705,34.87
13,417.9,567.55,4.6,0.15,947,149.64999999999998,1.6762160725361055,61.53
14,114.05,42.87,1.6,0.18,967,-71.18,0.19285617886544604,34.33
15,99.09,429.23,3.1,0.31,273,330.14,0.899928715196243,69.27
16,99.87,556.64,2.6,0.17,833,456.77,3.0888407968481215,44.67
17,159.08,124.73,2.4,0.37,195,-34.35000000000001,0.7250058126017206,69.05
18,267.13,349.41,4.6,0.2,999,82.28000000000003,2.221155679867777,66.01
19,221.65,550.98,1.1,0.03,917,329.33000000000004,2.854227103191049,14.83
20,152.7,39.69,3.7,0.39,79,-113.00999999999999,0.12672009195108713,85.21
21,309.81,424.5,4.9,0.14,94,114.69,1.0794659885568976,72.06
22,78.35,192.46,3.2,0.22,836,114.11000000000001,0.5209083281457222,55.64
23,153.15,556.15,4.7,0.34,520,403.0,1.2438217073334377,85.8
24,189.52,583.21,1.2,0.17,83,393.69000000000005,1.1927560536649215,38.17
25,233.47,567.67,2.7,0.03,702,334.19999999999993,1.2570194862710362,32.98
26,394.74,295.04,2.0,0.19,476,-99.69999999999999,11.73587907716786,44.24
27,107.84,519.98,3.9,0.47,879,412.14,1.2722156977882169,87.21
28,261.97,509.84,4.9,0.32,935,247.86999999999995,4.030674361609614,81.65
29,300.28,205.08,2.0,0.34,270,-95.19999999999996,2.381328379006038,61.3
30,32.76,500.77,3.6,0.32,917,468.01,1.4043299026893632,68.83
31,307.7,41.46,1.8,0.1,583,-266.24,0.22283134472750726,32.17
32,93.56,365.84,3.3,0.21,741,272.28,8.029850746268655,56.59
33,41.88,153.41,2.9,0.38,997,111.53,1.730903757192824,67.03
34,474.95,89.93,4.9,0.05,416,-385.02,5.8019354838709685,59.84
35,483.16,64.63,3.4,0.14,981,-418.53000000000003,0.12972180964232666,48.19
36,406.11,423.85,2.4,0.14,890,17.74000000000001,15.046148384806532,39.1
37,159.26,217.13,1.5,0.22,792,57.870000000000005,1.7088776955768927,39.08
38,57.86,440.36,1.6,0.49,964,382.5,1.85258729490955,65.36
39,345.27,57.91,1.9,0.03,599,-287.36,0.28143072362346305,26.01
40,225.67,202.87,2.0,0.26,631,-22.799999999999983,0.4035045846013088,49.69
41,69.8,332.9,4.4,0.09,165,263.09999999999997,9.108071135430917,61.35
42,252.64,478.62,3.2,0.49,288,225.98000000000002,1.655952669273086,88.12
43,26.85,204.88,3.1,0.06,384,178.03,0.5404949084577639,43.16
44,455.57,383.02,1.5,0.2,490,-72.55000000000001,0.745958789389631,40.1
45,136.8,533.87,4.4,0.37,197,397.07,1.5389737676563853,89.03
46,334.64,377.2,3.9,0.35,58,42.56,0.8476214017662524,83.42
47,162.74,155.12,1.3,0.21,337,-7.6200000000000045,2.594413781568824,40.63
48,264.83,34.15,3.8,0.17,437,-230.67999999999998,0.15418999458190355,60.63
49,277.89,524.66,3.2,0.2,99,246.76999999999998,2.4395982516507018,61.01
50,100.58,32.34,1.3,0.13,899,-68.24,0.06611333714939897,27.01
51,485.1,527.33,2.8,0.1,566,42.23000000000002,5.494165451135653,42.34
52,389.82,326.78,2.9,0.24,965,-63.04000000000002,3.394764180344899,53.35
53,470.35,564.66,1.7,0.13,904,94.30999999999995,2.9597442079882583,30.96
54,448.47,483.29,4.8,0.14,687,34.81999999999999,10.949025826914363,65.13
55,302.97,598.8,4.4,0.33,636,295.8299999999999,5.3169952051145435,80.64
56,461.72,223.41,3.7,0.48,726,-238.31000000000003,0.42042567605713316,87.74
57,53.36,464.97,2.8,0.3,327,411.61,1.9049901671583087,64.73
58,106.03,253.12,2.6,0.04,885,147.09,0.716789850763175,31.15
59,32.16,298.33,3.6,0.04,349,266.16999999999996,0.7394106129328079,46.51
60,169.41,383.95,3.2,0.48,851,214.54,1.8169127389740678,81.49
61,200.45,526.73,1.2,0.15,638,326.28000000000003,5.617254985603072,30.62
62,142.96,590.77,3.1,0.05,859,447.80999999999995,4.706580624601657,37.41
63,416.08,465.6,4.2,0.3,698,49.52000000000004,2.5498357064622126,75.02
64,184.81,262.3,2.8,0.31,667,77.49000000000001,0.7382493667323389,62.33
65,147.66,264.39,1.2,0.32,656,116.72999999999999,1.15919852683269,47.44
66,275.92,447.8,4.1,0.13,184,171.88,24.010723860589813,62.16
67,79.05,158.49,1.8,0.01,629,79.44000000000001,0.5372178157413058,22.71
68,403.08,84.07,2.0,0.48,196,-319.01,0.16548886832936358,76.04
69,46.53,225.68,1.7,0.13,539,179.15,0.5021136474880968,34.61
70,493.57,186.6,2.3,0.34,527,-306.97,0.40877127647922185,61.73
71,388.4,191.86,4.0,0.35,208,-196.53999999999996,0.43568898174221093,82.92
72,107.37,155.49,3.1,0.31,433,48.120000000000005,0.8261955366631244,67.67
73,12.71,44.41,1.8,0.16,212,31.699999999999996,0.1046467788302936,41.88
74,409.58,30.37,4.5,0.14,490,-379.21,0.33158641773119335,64.1
75,356.36,592.88,4.5,0.3,902,236.51999999999998,1.6160052333187964,75.98
76,367.21,268.11,4.5,0.43,238,-99.09999999999997,0.7484088878963824,95.62
77,387.92,242.91,2.0,0.47,464,-145.01000000000002,8.469665271966527,72.36
78,46.28,414.2,2.8,0.05,388,367.91999999999996,0.9487813817115631,39.12
79,185.65,146.59,4.9,0.08,656,-39.06,0.2942156390494541,60.44
80,66.78,570.98,4.1,0.47,230,504.20000000000005,3.6121971278547482,95.7
81,432.92,476.08,1.1,0.37,337,43.15999999999997,1.0588261459422192,54.63
82,315.42,71.86,1.3,0.44,883,-243.56,1.2161110170925706,58.17
83,172.14,262.2,2.9,0.1,236,90.06,0.7804035954521101,46.64
84,41.14,529.89,4.6,0.29,933,488.75,1.9281347791281567,75.67
85,162.38,567.94,3.2,0.35,187,405.56000000000006,1.849545706190771,75.13
86,169.34,291.09,3.0,0.34,179,121.74999999999997,0.5701833424743399,72.21
87,367.51,375.78,1.4,0.2,243,8.269999999999982,0.7810038449547958,41.57
88,322.4,116.88,3.6,0.01,365,-205.51999999999998,0.2686773021930026,43.35
89,444.73,594.88,4.3,0.29,834,150.14999999999998,3.6850647339404072,73.66
90,241.39,154.37,2.5,0.13,913,-87.01999999999998,0.30700847221669786,38.87
91,68.6,566.78,4.1,0.23,193,498.17999999999995,8.43799315170463,72.07
92,359.49,396.8,4.9,0.48,65,37.31,0.8415159162725596,106.35
93,382.78,372.49,1.8,0.2,351,-10.289999999999964,1.9546098546465867,44.49
94,285.03,317.36,3.1,0.42,472,32.33000000000004,7.250628284212931,78.28
95,387.77,153.79,2.1,0.09,294,-233.98,0.41218407440165095,37.06
96,251.96,122.39,4.2,0.34,976,-129.57,0.8822172565414835,76.24
97,266.14,147.88,3.3,0.49,156,-118.25999999999999,1.01768632578625,90.44
98,219.5,128.13,3.5,0.05,137,-91.37,0.7168512923799932,48.63
99,22.46,472.16,4.2,0.0,178,449.70000000000005,9.622172406765845,50.22
100,62.87,223.07,2.6,0.22,956,160.2,2.032343294460641,48.44
101,25.4,53.55,4.7,0.05,936,28.15,3.016901408450704,52.64
102,321.84,582.08,3.1,0.37,390,260.24000000000007,2.2980773026965142,74.1
103,164.03,532.6,1.6,0.46,53,368.57000000000005,8.864846870838882,71.47
104,259.2,558.1,3.8,0.22,376,298.90000000000003,1.4678344116564095,66.24
105,454.71,597.05,4.2,0.13,459,142.33999999999997,4.232596058414859,60.41
106,132.15,120.86,2.3,0.22,928,-11.290000000000006,0.23250803178084303,45.72
107,211.09,249.82,4.4,0.36,355,38.72999999999999,0.5192467575656801,86.45
108,380.22,459.78,4.6,0.0,957,79.55999999999995,2.7069767441860466,46.43
109,122.11,423.69,2.1,0.29,656,301.58,0.9761992534906226,53.44
110,47.72,109.26,4.9,0.31,770,61.540000000000006,0.24567162836713585,82.3
111,151.98,493.18,1.6,0.32,274,341.20000000000005,0.9085683756747297,55.26
112,89.0,150.18,1.8,0.12,397,61.18000000000001,0.4485127224943257,36.03
113,465.55,149.81,1.7,0.36,370,-315.74,2.545624468988955,59.3
114,405.98,331.45,4.6,0.05,608,-74.53000000000003,0.9179914695618456,54.92
115,320.37,363.91,3.6,0.1,230,43.54000000000002,1.0416475841538815,53.7
116,437.02,356.45,1.6,0.44,667,-80.57,0.9998036575788175,63.33
117,403.8,73.06,2.8,0.37,760,-330.74,0.4074280615659157,67.4
118,101.42,528.93,3.5,0.01,435,427.50999999999993,1.1137009664582147,41.65
119,447.35,174.05,1.3,0.12,667,-273.3,0.32944049061175046,28.33
120,274.28,95.12,4.5,0.11,841,-179.15999999999997,0.723456038941284,57.59
121,405.65,535.47,4.2,0.14,821,129.82000000000005,8.614382239382241,57.79
122,449.08,574.28,3.0,0.12,157,125.19999999999999,4.822640241854216,50.43
123,165.82,520.03,4.9,0.03,580,354.21,1.1454405286343612,56.2
124,63.93,489.52,2.7,0.23,459,425.59,1.2984615384615383,55.41
125,121.69,400.04,4.9,0.37,345,278.35,1.12595344648034,92.55
126,219.28,339.5,3.7,0.3,867,120.22,1.4763437119499043,68.33
127,410.83,70.45,3.5,0.34,220,-340.38,0.2173443573764423,76.8
128,431.76,256.9,1.7,0.04,380,-174.86,1.4295253463914082,27.2
129,13.41,236.16,4.5,0.48,542,222.75,0.8736958934517203,97.58
130,260.27,170.66,2.7,0.42,244,-89.60999999999999,0.38849051879168656,76.56
131,214.53,439.58,1.6,0.4,61,225.04999999999998,0.8140973405437439,65.39
132,118.83,307.61,1.1,0.41,244,188.78000000000003,0.598602786642796,59.56
133,68.73,67.01,3.2,0.47,539,-1.7199999999999989,0.13021258404259453,83.61
134,175.43,147.71,3.1,0.27,844,-27.72,0.6416873017941701,59.56
135,472.03,416.29,3.9,0.1,930,-55.73999999999995,1.5661775771256583,49.7
136,168.37,64.16,4.6,0.31,231,-104.21000000000001,0.16346080354640646,84.69
137,264.21,513.7,1.3,0.37,866,249.49000000000007,1.01048448964337,51.34
138,354.48,307.18,3.9,0.37,705,-47.30000000000001,3.3767175992085305,78.95
139,188.18,298.74,1.7,0.26,947,110.56,1.6804860212634303,43.53
140,486.17,363.6,4.4,0.03,365,-122.57,4.062569832402235,53.35
141,481.6,498.31,4.3,0.19,743,16.70999999999998,1.4552596226855907,64.57
142,133.37,221.73,3.2,0.46,79,88.35999999999999,1.2396153631128752,87.21
143,253.65,413.25,3.8,0.29,645,159.6,2.1810840766348236,70.55
144,157.43,348.12,2.3,0.27,727,190.69,6.575746127691727,52.73
145,149.57,174.88,2.9,0.13,845,25.310000000000002,0.8651429702186604,43.55
146,28.07,529.61,4.3,0.18,842,501.54,1.111598522374276,62.58
147,308.69,482.51,2.8,0.45,145,173.82,3.4541484716157207,81.55
148,256.31,401.9,2.4,0.33,430,145.58999999999997,1.0386891685834647,62.7
149,35.22,513.34,3.0,0.39,827,478.12,1.4589739945999716,70.73
150,146.54,523.03,4.3,0.23,493,376.49,1.0965909090909092,71.07
151,455.05,430.85,2.3,0.32,347,-24.19999999999999,5.023318176518597,61.53
152,127.39,505.47,1.7,0.12,857,378.08000000000004,0.9395178528280144,30.43
153,81.0,424.53,3.8,0.35,786,343.53,1.2994092620366686,75.14
154,249.83,414.48,4.3,0.21,894,164.65,0.7569304941743672,65.06
155,492.97,378.79,1.4,0.22,410,-114.18,0.7535710022679346,41.9
156,128.61,456.58,2.0,0.32,423,327.96999999999997,3.419818740169276,57.77
157,339.35,111.99,1.6,0.47,603,-227.36,2.4859045504994453,66.97
158,383.19,530.91,2.4,0.03,352,147.71999999999997,3.498122158529353,33.48
159,126.44,525.67,2.8,0.41,470,399.22999999999996,1.7684440706476028,74.3
160,366.83,36.96,4.0,0.15,295,-329.87,0.3460674157303371,62.05
161,190.21,498.97,3.6,0.22,769,308.76,4.770723778563917,60.31
162,319.83,94.74,3.5,0.01,286,-225.08999999999997,0.36092803535372775,43.14
163,320.43,214.37,2.4,0.15,583,-106.06,6.5356707317073175,43.17
164,272.53,451.23,4.4,0.25,234,178.70000000000005,5.625607779578607,76.66
165,54.24,113.24,2.9,0.03,517,58.99999999999999,0.47682007663480563,36.83
166,419.3,494.42,4.9,0.25,803,75.12,10.137789624769326,75.97
167,167.18,502.64,3.5,0.46,412,335.46,2.211739857432016,86.88
168,101.39,314.33,1.5,0.05,332,212.94,1.1702967348002533,26.68
169,29.98,23.7,3.7,0.38,602,-6.280000000000001,0.09242288343797526,78.98
170,299.54,186.48,2.3,0.2,385,-113.06000000000003,0.38849190641861625,49.15
171,342.01,377.82,3.7,0.33,211,35.81,1.2653895103489852,77.89
172,18.13,589.09,1.3,0.13,209,570.96,2.2198816746429513,33.91
173,260.93,386.45,1.7,0.08,523,125.51999999999998,1.6463596472542923,29.77
174,120.98,170.69,4.4,0.08,650,49.709999999999994,0.3772738324160643,55.5
175,326.13,387.72,1.9,0.04,371,61.59000000000003,0.7850807921273235,29.29
176,95.44,333.19,4.3,0.09,61,237.75,0.7066895732586748,61.39
177,348.56,472.31,2.1,0.33,473,123.75,1.2583189023577994,59.27
178,199.5,82.05,3.6,0.44,122,-117.45,0.9272234150751497,88.78
179,469.0,461.4,3.8,0.41,637,-7.600000000000023,2.828419052289585,82.63
180,77.39,333.93,3.1,0.34,907,256.54,8.424066599394552,65.93
181,177.12,578.54,2.2,0.06,250,401.41999999999996,1.1277802686212206,35.5
182,65.6,218.29,1.9,0.14,571,152.69,0.5923262692318129,37.29
183,463.1,386.92,1.1,0.15,913,-76.18,0.933912623702631,26.87
184,439.9,560.58,2.2,0.12,554,120.68000000000006,3.08536518245363,38.46
185,136.39,79.46,3.6,0.26,787,-56.92999999999999,0.16999700483505198,64.13
186,333.39,563.59,4.8,0.27,737,230.20000000000005,3.662291246994607,77.63
187,410.44,418.97,4.5,0.18,837,8.53000000000003,26.383501259445843,64.63
188,282.05,59.35,4.1,0.18,88,-222.70000000000002,0.2742859783713837,68.12
189,269.53,194.56,4.2,0.41,109,-74.96999999999997,0.6073167686352853,91.91
190,128.51,430.74,3.7,0.39,627,302.23,1.5888015934491535,79.73
191,55.62,59.06,2.0,0.15,370,3.440000000000005,0.12402091514247916,41.3
192,449.64,357.66,4.6,0.46,484,-91.97999999999996,5.009945370500071,97.16
193,451.2,220.61,3.7,0.48,685,-230.58999999999997,0.7086733054930935,88.15
194,320.22,380.13,3.2,0.16,725,59.90999999999997,1.3133291873963515,50.75
195,176.12,46.53,1.4,0.18,457,-129.59,0.28106312292358804,37.43
196,181.11,525.49,2.8,0.25,972,344.38,1.1552023566136869,53.28
197,365.72,584.62,2.8,0.47,435,218.89999999999998,1.3993824353112958,80.65
198,449.58,581.95,4.5,0.44,720,132.37000000000006,1.4295715829812323,91.8
199,444.67,454.8,3.2,0.05,618,10.129999999999995,0.9401356044319498,40.82
200,392.14,95.45,2.5,0.2,127,-296.69,0.23762105105927459,53.73
201,324.6,459.79,4.9,0.28,243,135.19,3.3068901035673193,84.57
202,51.23,34.26,1.4,0.25,334,-16.97,0.087291072156543,45.66
203,89.2,32.83,2.7,0.1,576,-56.370000000000005,0.18277474668745128,41.24
204,450.29,207.69,1.2,0.43,573,-242.60000000000002,1.436704482567792,59.27
205,307.15,303.41,4.0,0.34,662,-3.7399999999999523,5.612467628560858,77.38
206,14.51,466.84,4.7,0.42,205,452.33,1.130199002566213,96.95
207,59.72,416.31,2.1,0.43,389,356.59000000000003,1.0529097852752978,70.11
208,335.12,278.62,4.4,0.37,174,-56.5,1.9836252313826,89.26
209,12.48,178.7,2.2,0.22,920,166.22,0.42964993267936136,44.8
210,88.8,598.33,4.6,0.31,329,509.53000000000003,1.1823768872025928,83.71
211,278.88,267.19,4.0,0.08,966,-11.689999999999998,3.6701923076923078,48.34
212,349.03,281.8,4.2,0.34,955,-67.22999999999996,2.020651082747741,76.45
213,329.46,114.9,1.1,0.09,671,-214.55999999999997,0.2759432263022647,23.29
214,119.89,480.99,4.9,0.35,895,361.1,2.971642159891264,85.05
215,358.97,422.34,3.9,0.11,918,63.36999999999995,1.2094501718213058,50.82
216,126.25,148.05,2.2,0.06,707,21.80000000000001,2.534234851078398,30.93
217,169.45,67.78,4.3,0.08,777,-101.66999999999999,0.2638072626785506,53.23
218,375.78,414.69,2.1,0.0,959,38.910000000000025,1.0104285957944494,21.41
219,328.32,399.62,4.5,0.36,723,71.30000000000001,1.0453594224128913,83.77
220,426.12,178.49,1.5,0.37,177,-247.63,0.3957123220857536,60.23
221,332.23,571.5,3.8,0.26,363,239.26999999999998,1.1797126579142927,70.37
222,288.47,107.61,3.2,0.08,381,-180.86,0.2510439752712003,46.19
223,55.9,270.75,1.4,0.04,199,214.85,0.7233502538071066,26.01
224,190.18,567.3,2.0,0.01,503,377.11999999999995,17.744760713168596,25.97
225,139.95,263.44,1.0,0.08,85,123.49000000000001,0.8746057567809834,27.15
226,129.55,390.35,2.9,0.45,734,260.8,11.098947967017345,76.66
227,486.78,250.6,2.2,0.12,469,-236.17999999999998,0.5602253420370205,39.31
228,202.62,179.04,3.4,0.18,71,-23.580000000000013,0.9595369526769922,61.29
229,447.1,590.71,2.2,0.05,255,143.61,1.8699271921494147,34.45
230,319.26,257.41,2.2,0.11,688,-61.849999999999966,1.5648024316109423,36.12
231,399.46,538.58,4.0,0.26,897,139.12000000000006,1.2419979706669129,67.03
232,256.29,153.37,1.2,0.3,405,-102.92000000000002,0.3134605951602355,47.95
233,292.68,143.6,4.6,0.12,489,-149.08,0.629079598720813,63.11
234,251.33,38.06,4.4,0.03,778,-213.27,0.07984727059119708,49.22
235,105.67,397.97,3.7,0.2,145,292.3,2.520552283235164,65.55
236,364.0,233.75,3.4,0.12,978,-130.25,0.7764748870581982,46.22
237,147.58,521.33,4.6,0.11,990,373.75,1.0988323075626003,57.1
238,21.91,294.46,1.7,0.48,213,272.54999999999995,1.5551095854238182,72.87
239,326.28,581.55,1.3,0.31,197,255.26999999999998,1.106849888658381,52.03
240,96.78,127.6,2.0,0.28,579,30.819999999999993,1.590824086772223,52.21
241,470.82,523.8,4.2,0.21,343,52.97999999999996,21.138014527845034,69.57
242,477.43,470.43,1.1,0.21,244,-7.0,0.9432936977401697,39.56
243,458.28,467.13,3.3,0.27,712,8.850000000000023,9.030156582254012,62.88
244,191.38,509.97,5.0,0.35,529,318.59000000000003,0.9345929699813071,89.71
245,17.57,461.39,4.4,0.35,926,443.82,0.8805152671755725,79.74
246,464.88,383.21,3.1,0.09,172,-81.67000000000002,4.339372664477409,48.28
247,219.81,96.12,1.3,0.25,449,-123.69,0.3176365619113711,43.51
248,483.66,38.87,4.3,0.21,748,-444.79,0.34117440533661014,66.52
249,482.17,554.09,3.4,0.44,501,71.92000000000002,2.27030238465951,82.99
250,427.97,377.66,1.5,0.32,710,-50.31,7.890931884663603,49.9
251,154.28,481.99,1.4,0.27,153,327.71000000000004,3.575593471810089,49.47
252,198.7,299.28,4.6,0.06,804,100.57999999999998,1.4295677095772628,53.96
253,427.06,88.04,3.7,0.3,511,-339.02,0.3526113425184236,71.89
254,165.29,92.61,4.3,0.06,792,-72.67999999999999,0.17215034575061341,51.08
255,93.05,417.63,4.5,0.17,767,324.58,0.9338565774468371,64.33
256,282.83,269.58,3.3,0.07,759,-13.25,0.6582989426387634,42.41
257,468.72,136.3,3.1,0.35,445,-332.42,0.4508467848637206,71.55
258,351.05,305.12,2.7,0.1,961,-45.93000000000001,0.6570198105081826,37.39
259,289.33,57.24,2.3,0.2,386,-232.08999999999997,0.2912384247481429,49.14
260,57.62,357.54,2.7,0.45,648,299.92,0.9068634910972455,75.52
261,311.35,176.02,4.1,0.1,191,-135.33,0.3219858415497467,59.09
262,495.13,482.58,3.4,0.25,366,-12.550000000000011,2.6323024054982813,65.34
263,78.64,200.01,4.6,0.21,760,121.36999999999999,0.5325079872204472,69.4
264,263.98,284.03,2.8,0.01,607,20.049999999999955,0.608579203359688,32.93
265,439.91,26.74,3.4,0.4,849,-413.17,0.05295468948035488,75.51
266,372.98,62.02,3.5,0.03,576,-310.96000000000004,0.15540354306046256,42.24
267,351.54,247.65,3.4,0.24,605,-103.89000000000001,1.4853355724824568,61.95
268,354.22,298.36,3.8,0.28,450,-55.860000000000014,1.5739607512133362,71.5
269,186.15,368.01,1.9,0.31,730,181.85999999999999,14.094599770202988,52.7
270,153.86,189.16,3.0,0.34,359,35.29999999999998,0.44817210415333947,70.41
271,406.59,423.09,1.4,0.13,544,16.5,11.172167942962767,31.56
272,406.96,518.87,2.5,0.0,605,111.91000000000003,1.0864339705605226,28.95
273,434.87,472.31,3.0,0.36,659,37.44,6.01822120285423,69.41
274,457.49,42.98,3.6,0.27,822,-414.51,0.40187003272557265,64.78
275,260.56,298.69,4.8,0.42,158,38.129999999999995,1.1065051492924354,98.42
276,255.74,80.86,3.4,0.41,844,-174.88,0.19733020962979234,76.56
277,401.16,160.39,4.0,0.42,421,-240.77000000000004,1.794673827906456,87.79
278,328.48,592.26,3.0,0.24,904,263.78,2.36487781504552,54.96
279,353.96,102.65,3.5,0.17,665,-251.30999999999997,0.3755533604068343,55.35
280,399.94,309.36,1.3,0.4,817,-90.57999999999998,2.4061600684452054,54.83
281,446.1,378.53,2.0,0.23,940,-67.57000000000005,4.927492840406145,43.6
282,175.62,427.43,2.4,0.09,255,251.81,0.9241929555233627,40.45
283,194.04,344.6,2.9,0.43,896,150.56000000000003,1.2141498132619266,73.04
284,56.05,25.67,1.2,0.44,92,-30.379999999999995,1.131335390039665,65.08
285,293.36,209.35,1.6,0.23,914,-84.01000000000002,0.4708832857239254,39.86
286,27.61,320.27,2.1,0.04,294,292.65999999999997,0.5934002816275105,32.06
287,238.14,70.96,4.9,0.19,336,-167.18,0.2092166170357048,74.64
288,275.9,223.36,2.3,0.4,404,-52.539999999999964,0.7851518560179978,68.96
289,150.41,39.26,2.9,0.45,834,-111.15,0.08095679967006908,75.66
290,299.51,65.58,1.8,0.1,525,-233.93,0.1250095310712924,32.75
291,24.95,250.22,3.4,0.03,132,225.27,0.5976402025413203,45.68
292,28.3,96.98,2.1,0.44,159,68.68,0.3828359387336176,73.41
293,413.07,349.17,1.8,0.19,999,-63.89999999999998,1.0522239633558343,37.01
294,186.49,419.89,3.1,0.27,239,233.39999999999998,1.0766410256410257,65.61
295,72.26,484.34,1.0,0.48,849,412.08,4.072137212039684,59.51
296,265.9,136.09,1.0,0.03,985,-129.80999999999997,0.5352605703048181,13.15
297,387.3,117.14,1.9,0.32,958,-270.16,0.25523477502995967,51.42
298,115.75,80.65,1.1,0.04,300,-35.099999999999994,0.22078953131844067,22.0
299,315.22,389.13,1.4,0.19,773,73.90999999999997,1.6559428060768542,35.27
300,51.82,429.76,2.4,0.4,340,377.94,1.1618275209516087,70.6
301,35.32,38.32,4.2,0.22,694,3.0,0.4897124600638978,67.06
302,270.36,563.0,3.3,0.5,250,292.64,2.4499564838990424,90.5
303,274.91,50.14,3.1,0.28,846,-224.77000000000004,0.11413092961850133,60.54
304,322.34,333.95,2.2,0.16,375,11.610000000000014,2.511468752350154,44.25
305,365.78,431.26,4.7,0.11,560,65.48000000000002,3.7667918595510526,62.4
306,488.17,525.16,2.6,0.18,458,36.98999999999995,1.0028070041436725,49.42
307,262.99,434.17,1.3,0.19,656,171.18,3.4106048703849177,35.44
308,168.25,485.0,3.5,0.03,839,316.75,3.137331004592794,39.61
309,399.64,216.88,1.5,0.18,990,-182.76,0.4063401656237119,33.1
310,142.71,492.6,2.4,0.23,886,349.89,1.2071458328228002,48.14
311,225.1,66.47,3.0,0.36,557,-158.63,0.17075113029182082,70.43
312,48.44,538.99,4.5,0.33,780,490.55,1.1435754901128745,80.2
313,22.42,337.6,3.0,0.35,650,315.18,4.3861244640769135,68.5
314,481.7,494.03,3.8,0.0,121,12.329999999999984,1.2580661590567623,46.79
315,419.63,282.34,5.0,0.11,296,-137.29000000000002,0.9925123914648292,68.04
316,351.03,393.28,1.5,0.33,690,42.25,0.8575665067597034,51.1
317,210.39,325.31,2.1,0.24,773,114.92000000000002,1.1340375095865578,47.27
318,94.91,444.32,2.6,0.0,989,349.40999999999997,1.2810887178156445,26.11
319,86.65,67.35,2.7,0.4,904,-19.30000000000001,0.24890055064858274,67.96
320,132.62,55.0,2.6,0.39,657,-77.62,0.2030869212022746,68.43
321,279.12,163.32,4.6,0.27,636,-115.80000000000001,0.38350631662987833,76.64
322,360.15,112.54,3.9,0.03,984,-247.60999999999996,0.32037121384650424,42.16
323,333.5,525.63,3.4,0.38,615,192.13,1.4856698699830413,75.85
324,147.17,147.14,2.2,0.29,393,-0.030000000000001137,0.5749902305588119,57.07
325,477.88,586.0,4.3,0.39,974,108.12,1.958948987096343,82.26
326,371.57,215.4,4.8,0.38,103,-156.17,0.5203401294811093,94.97
327,281.63,125.63,4.3,0.4,779,-156.0,0.2749737348975661,85.21
328,309.74,478.03,1.0,0.26,577,168.28999999999996,1.2331166486096061,40.23
329,215.6,402.05,3.5,0.07,660,186.45000000000002,0.7892928658368998,45.4
330,131.39,308.95,1.2,0.34,581,177.56,0.680701522462379,50.19
331,184.43,342.11,2.0,0.31,607,157.68,1.083998732572877,54.93
332,381.34,437.14,1.2,0.37,242,55.80000000000001,1.1681988241582042,56.58
333,17.05,152.5,3.4,0.08,944,135.45,0.2986857825567503,42.56
334,66.88,597.87,3.7,0.1,107,530.99,1.7267003610108302,55.93
335,32.54,585.38,1.5,0.45,486,552.84,1.2829684178227805,65.14
336,29.96,397.19,2.5,0.37,160,367.23,1.0356705170660478,70.4
337,429.18,135.73,2.8,0.45,178,-293.45000000000005,0.43742950143414217,81.22
338,354.79,414.53,2.5,0.38,898,59.73999999999995,2.8711040310292284,64.02
339,242.35,61.88,1.5,0.3,755,-180.47,0.2547445555967231,47.45
340,57.94,37.78,2.7,0.33,974,-20.159999999999997,0.07091639448886887,60.26
341,250.89,169.46,4.0,0.44,901,-81.42999999999998,0.4618697192695558,84.99
342,242.0,288.32,1.3,0.29,375,46.31999999999999,0.9096702949992113,48.25
343,94.87,523.6,1.3,0.32,57,428.73,1.0184194658938401,54.43
344,222.59,441.76,2.4,0.08,78,219.17,1.343634041000061,41.22
345,205.27,450.77,4.8,0.24,161,245.49999999999997,1.5205599595209984,80.39
346,311.77,266.79,3.7,0.36,996,-44.97999999999996,0.633359447332811,73.04
347,321.2,220.64,3.7,0.14,722,-100.56,0.5567780357323104,53.78
348,32.2,235.2,2.4,0.1,180,203.0,1.9874936623288828,42.2
349,193.56,592.84,3.4,0.16,237,399.28000000000003,2.2191278308066633,57.63
350,316.67,43.26,1.0,0.12,724,-273.41,0.16153846153846152,24.76
351,256.54,522.88,3.5,0.11,758,266.34,2.4057050839659535,48.42
352,429.68,355.63,4.7,0.21,524,-74.05000000000001,1.2189545844044558,72.76
353,332.76,274.4,3.5,0.45,413,-58.360000000000014,1.1626625990424133,85.87
354,89.84,440.65,4.5,0.25,253,350.80999999999995,3.6222770242498967,77.47
355,44.58,302.27,3.9,0.09,261,257.69,1.2828707240471946,55.39
356,324.79,526.59,1.5,0.04,670,201.8,9.81162660704304,22.3
357,22.99,542.41,4.6,0.35,325,519.42,1.6790280142392817,87.75
358,297.03,264.6,1.3,0.19,122,-32.42999999999995,0.560937864365818,40.78
359,470.71,180.56,3.1,0.41,728,-290.15,0.44800635188447513,74.72
360,291.98,363.56,1.6,0.33,821,71.57999999999998,1.7494827005437659,50.79
361,200.2,549.17,1.0,0.4,292,348.96999999999997,8.917992854822995,57.08
362,325.21,142.18,2.7,0.14,836,-183.02999999999997,1.154526999593991,42.64
363,234.54,381.32,2.2,0.35,151,146.78,1.2427323686611915,65.49
364,277.35,386.3,2.9,0.13,734,108.94999999999999,3.0712354905390367,44.66
365,471.32,445.21,3.3,0.47,220,-26.110000000000014,1.454792013854851,87.8
366,199.19,96.31,1.2,0.32,702,-102.88,0.6933266143546182,46.98
367,480.98,435.18,1.5,0.16,958,-45.80000000000001,0.927552912590319,31.42
368,453.62,547.24,3.2,0.13,237,93.62,2.405027687439571,52.63
369,105.94,124.22,2.4,0.1,490,18.28,0.848671175787388,39.1
370,43.99,157.78,3.9,0.35,135,113.78999999999999,0.3509419693498521,82.65
371,59.38,583.41,3.6,0.11,525,524.03,2.9402781977623222,51.75
372,18.93,124.97,4.4,0.3,101,106.03999999999999,1.6740790354989952,82.99
373,56.28,515.54,3.8,0.13,160,459.26,1.6102070774900832,59.4
374,344.67,305.52,2.7,0.33,998,-39.150000000000034,0.9367756178328325,60.02
375,44.88,163.39,3.7,0.41,926,118.50999999999999,0.41118884638614855,78.74
376,166.3,525.03,2.1,0.39,903,358.72999999999996,3.6582357859531767,60.97
377,423.99,278.28,2.2,0.38,92,-145.71000000000004,1.1024483004516281,69.08
378,21.4,318.59,4.2,0.09,260,297.19,1.9184079002830132,58.4
379,409.09,228.36,2.8,0.04,249,-180.72999999999996,3.9163093808952154,39.51
380,148.11,363.91,4.2,0.35,859,215.8,0.7518957003243869,78.41
381,67.9,114.84,4.3,0.18,907,46.94,0.2835905667366342,61.93
382,351.4,246.83,4.4,0.22,801,-104.56999999999996,1.4002155661447697,67.99
383,318.18,582.26,4.7,0.02,676,264.08,1.7346719895131977,52.24
384,439.96,169.72,2.7,0.13,75,-270.24,1.3834365829801107,49.25
385,370.18,400.91,2.3,0.02,968,30.730000000000018,0.8160519459371439,25.32
386,403.71,208.61,3.3,0.44,348,-195.09999999999997,2.727997907676213,83.52
387,148.2,468.61,2.5,0.12,126,320.41,27.484457478005865,45.74
388,96.95,95.91,3.4,0.28,973,-1.0400000000000063,0.33822336636456607,62.27
389,377.8,582.5,3.8,0.02,186,204.7,1.7815090069425328,48.14
390,405.35,283.2,3.8,0.33,69,-122.15000000000003,0.872055427251732,80.31
391,495.35,156.91,2.5,0.16,489,-338.44000000000005,3.553215579710145,46.11
392,212.18,62.63,1.7,0.45,260,-149.55,0.3422217365171302,69.4
393,192.29,118.46,2.7,0.44,801,-73.83,0.41996667493884493,72.99
394,390.44,321.47,1.6,0.16,600,-68.96999999999997,2.456407121571025,36.0
395,176.99,215.46,4.6,0.45,484,38.47,0.4471516031960154,96.16
396,466.07,500.75,2.4,0.5,829,34.68000000000001,8.129058441558442,75.71
397,430.62,269.91,1.6,0.41,256,-160.70999999999998,0.9788213961922032,64.44
398,220.21,164.25,1.1,0.42,488,-55.96000000000001,0.4267231300823569,58.12
399,377.93,377.94,3.6,0.12,828,0.009999999999990905,2.4376934984520124,49.72
400,379.73,429.93,3.5,0.29,715,50.19999999999999,1.231997019801129,66.85
401,60.53,116.88,2.4,0.03,91,56.349999999999994,0.25479595395884197,36.09
402,452.25,117.22,1.3,0.05,460,-335.03,1.0033381836856972,23.4
403,257.57,41.27,2.6,0.5,572,-216.29999999999998,0.08160803622629571,80.28
404,414.96,447.11,2.2,0.16,855,32.150000000000034,1.4369596657560664,39.45
405,166.82,405.01,3.7,0.37,659,238.19,2.3131532354788966,77.41
406,448.81,295.29,3.4,0.4,476,-153.51999999999998,1.2027615983055682,79.24
407,200.71,509.62,2.5,0.43,324,308.90999999999997,2.7998022195363146,74.76
408,15.31,487.29,1.9,0.5,497,471.98,1.2093663911845731,74.03
409,453.64,359.51,5.0,0.12,951,-94.13,0.815178449956918,62.49
410,54.73,523.6,2.8,0.02,991,468.87,1.1367287568928834,30.09
411,166.46,139.39,3.8,0.21,933,-27.07000000000002,0.2569922011836501,59.67
412,475.53,84.91,1.6,0.07,791,-390.62,0.1937080804854679,25.09
413,475.8,176.45,2.9,0.01,418,-299.35,0.5239947734156916,35.82
414,290.98,53.11,1.1,0.18,987,-237.87,0.2703074104234528,29.13
415,319.6,328.08,3.0,0.39,269,8.479999999999961,1.070896983940462,76.31
416,229.74,563.23,4.9,0.28,626,333.49,15.234784960779011,80.74
417,153.67,42.82,2.5,0.16,916,-110.85,0.10356002708716261,41.84
418,171.05,90.82,1.2,0.33,281,-80.23000000000002,0.35813715051855355,52.19
419,339.53,282.28,1.1,0.12,377,-57.25,10.979385453131076,29.23
420,378.66,561.65,2.6,0.01,492,182.98999999999995,11.594756399669695,32.08
421,397.87,203.37,1.6,0.38,101,-194.5,0.9148859597822665,62.99
422,396.91,314.2,1.1,0.31,935,-82.71000000000004,0.9604744291260355,42.65
423,54.69,44.11,4.0,0.38,992,-10.579999999999998,0.1674957281184735,78.08
424,252.27,106.04,2.8,0.02,425,-146.23000000000002,0.30623501891587496,35.75
425,38.2,592.25,2.2,0.42,312,554.05,2.1777099573466687,70.88
426,279.27,579.77,4.6,0.31,316,300.5,1.57114983333785,83.84
427,226.35,22.87,1.5,0.28,408,-203.48,0.17295621265975952,48.92
428,444.98,572.05,4.8,0.31,366,127.06999999999994,7.589889876608729,85.34
429,181.95,390.69,2.3,0.43,373,208.74,1.1694154269807537,72.27
430,67.36,523.39,4.6,0.29,970,456.03,1.9080237687288104,75.3
431,80.07,283.75,3.4,0.29,957,203.68,9.661218930881851,63.43
432,383.14,319.05,4.3,0.5,715,-64.08999999999997,1.4597822108345535,95.85
433,312.93,303.53,4.9,0.38,919,-9.400000000000034,4.228615213151295,87.81
434,59.55,406.78,2.2,0.22,927,347.22999999999996,1.3591954022988506,44.73
435,51.21,101.0,4.8,0.35,701,49.79,0.44544412101967007,85.99
436,353.47,37.38,2.6,0.19,988,-316.09000000000003,0.10896688432835822,45.12
437,45.65,198.6,2.5,0.11,612,152.95,0.4452914798206278,39.88
438,412.71,428.71,2.4,0.3,678,16.0,2.4453000228154234,57.22
439,356.06,137.08,3.2,0.46,470,-218.98,0.25877822245714716,83.3
440,49.86,410.59,1.6,0.46,95,360.72999999999996,1.361553256400053,71.05
441,51.57,582.55,3.2,0.17,870,530.9799999999999,1.6846930217762224,50.3
442,493.45,74.46,3.2,0.26,649,-418.99,0.19638147483911803,61.51
443,193.39,410.11,4.0,0.11,769,216.72000000000003,1.1033360236750067,53.31
444,191.61,277.38,4.3,0.5,938,85.76999999999998,0.9618892395186739,93.62
445,408.27,523.52,2.8,0.49,318,115.25,2.142149842464913,83.82
446,474.15,122.75,2.2,0.32,650,-351.4,2.8044322595384963,57.5
447,493.14,421.72,2.0,0.4,430,-71.41999999999996,15.724086502609993,65.7
448,379.16,506.11,1.8,0.36,167,126.94999999999999,2.450777202072539,62.33
449,194.37,567.88,1.2,0.3,615,373.51,2.934628701359103,45.85
450,50.92,416.28,2.4,0.03,165,365.35999999999996,1.87159428108983,35.35
451,390.8,308.36,2.1,0.23,679,-82.44,3.463551611816242,47.21
452,283.62,378.35,4.9,0.34,309,94.73000000000002,0.9229849726775956,89.91
453,217.87,523.96,3.2,0.34,124,306.09000000000003,1.1066148517360819,74.76
454,454.11,350.95,2.4,0.19,529,-103.16000000000003,0.6785444983662341,47.71
455,64.49,37.62,3.3,0.47,354,-26.869999999999997,0.13512445673646778,86.46
456,251.39,559.95,1.6,0.08,56,308.56000000000006,1.4359165042568471,33.44
457,15.56,419.93,2.8,0.25,415,404.37,0.8883271281096632,58.85
458,239.64,412.38,3.5,0.35,683,172.74,1.726956740232003,73.17
459,37.59,145.09,3.0,0.35,572,107.5,0.8036446216904841,69.28
460,68.22,402.15,2.6,0.32,397,333.92999999999995,0.7791339726823597,64.03
461,67.59,248.44,5.0,0.14,487,180.85,0.8540685482484789,69.13
462,328.11,397.72,4.5,0.08,264,69.61000000000001,1.4152225741024091,60.36
463,375.56,81.82,3.5,0.32,478,-293.74,0.7407876867360796,72.22
464,295.85,401.55,3.3,0.3,840,105.69999999999999,5.511254460609388,64.6
465,481.46,599.66,3.5,0.09,547,118.19999999999999,1.2881232144007906,48.53
466,193.69,47.96,1.8,0.35,589,-145.73,0.13959715915706136,57.11
467,150.0,586.76,2.6,0.23,796,436.76,3.0993027678005496,51.04
468,435.61,256.01,1.2,0.33,416,-179.60000000000002,2.177326075863242,50.84
469,119.56,525.04,2.9,0.42,362,405.47999999999996,1.6817963419712354,77.38
470,481.98,473.78,3.2,0.08,587,-8.200000000000045,1.4470983506414172,44.13
471,15.96,348.87,1.9,0.01,970,332.91,2.7745347542548116,20.3
472,485.24,448.3,4.9,0.39,103,-36.94,0.9528161530286929,96.97
473,31.15,529.54,4.6,0.3,590,498.39,8.813914780292942,80.1
474,446.66,254.4,3.9,0.35,516,-192.26000000000002,1.2378959661330349,78.84
475,268.57,209.68,3.1,0.42,914,-58.889999999999986,0.5532307854674019,73.86
476,496.55,407.2,4.5,0.4,213,-89.35000000000002,2.519022579647386,92.87
477,46.16,488.55,1.5,0.48,831,442.39,1.0671457591577291,64.69
478,281.39,462.13,4.2,0.27,383,180.74,1.1248691672954751,75.17
479,484.96,482.73,1.5,0.24,596,-2.2299999999999613,1.1043167936311853,43.04
480,266.32,272.64,4.2,0.2,847,6.319999999999993,3.4634146341463414,63.53
481,318.41,494.34,2.1,0.08,397,175.92999999999995,5.4810954651291715,35.03
482,350.92,89.72,4.5,0.29,322,-261.20000000000005,0.5332223939141805,80.78
483,232.73,335.8,4.8,0.14,769,103.07000000000002,1.1493308690146147,64.31
484,317.5,23.34,1.6,0.46,799,-294.16,0.05621522676365038,64.01
485,296.31,208.26,2.9,0.29,463,-88.05000000000001,0.4502529510961214,63.37
486,451.57,232.55,4.9,0.3,549,-219.01999999999998,0.5935123270889695,83.51
487,32.27,249.78,2.9,0.18,142,217.51,0.488042203985932,55.58
488,147.67,423.37,4.5,0.03,734,275.70000000000005,1.0320308119835213,50.66
489,475.7,245.36,3.4,0.02,128,-230.33999999999997,1.3718758736371262,44.72
490,446.23,280.24,2.5,0.21,671,-165.99,1.7870169621221785,49.29
491,233.27,157.78,2.1,0.04,266,-75.49000000000001,0.4072162287720023,32.34
492,313.86,236.49,1.8,0.3,996,-77.37,2.0009307047973603,48.04
493,145.92,151.82,4.0,0.44,407,5.900000000000006,2.35015479876161,89.93
494,102.18,62.45,2.5,0.44,667,-39.730000000000004,0.20834723426970042,72.33
495,237.21,370.0,3.0,0.33,556,132.79,0.8139381407013068,67.44
496,183.14,407.56,3.0,0.11,608,224.42000000000002,5.8861929520508385,44.92
497,295.99,379.3,3.3,0.43,230,83.31,0.8646787945105548,83.7
498,48.09,288.83,4.5,0.44,625,240.73999999999998,0.6430018477704312,92.75
499,487.45,240.28,4.9,0.1,295,-247.17,0.8800820452714088,66.05
500,493.24,520.73,2.6,0.37,293,27.49000000000001,11.404511607533948,70.07
501,352.1,321.07,4.3,0.14,555,-31.03000000000003,2.961627156166405,61.45
502,272.69,297.93,4.1,0.4,471,25.24000000000001,0.7571860624698198,86.29
503,161.67,34.87,3.3,0.5,369,-126.79999999999998,0.08810005053057099,89.31
504,408.76,217.92,4.8,0.02,136,-190.84,0.4396916992857431,58.64
505,345.52,240.51,1.8,0.45,266,-105.00999999999999,0.7360898573789557,70.34
506,89.68,251.32,1.4,0.31,539,161.64,3.087469287469287,49.61
507,456.35,356.5,4.4,0.49,568,-99.85000000000002,4.45847923961981,97.32
508,413.04,329.49,2.8,0.23,327,-83.55000000000001,0.8220603278361318,57.73
509,475.4,372.58,4.4,0.42,898,-102.82,3.2878573949876455,87.02
510,365.6,463.63,4.6,0.03,771,98.02999999999997,2.4313283339451464,51.29
511,310.57,491.53,1.2,0.17,218,180.95999999999998,1.7831023724878472,36.82
512,214.94,436.51,4.5,0.03,379,221.57,15.451681415929203,54.21
513,467.04,574.2,2.8,0.49,699,107.16000000000003,3.876586551444775,80.01
514,434.37,30.57,3.0,0.41,490,-403.8,0.13107795214818627,76.1
515,32.16,133.55,3.5,0.43,440,101.39000000000001,0.8113115849583865,83.6
516,22.92,24.39,4.7,0.47,545,1.4699999999999989,0.27728512960436563,98.55
517,194.47,395.54,1.1,0.04,430,201.07000000000002,0.9778733714059681,20.7
518,407.17,540.86,2.9,0.19,355,133.69,1.2018309890451748,54.45
519,493.77,161.22,3.8,0.04,791,-332.54999999999995,1.0554500818330605,44.09
520,83.7,557.68,3.9,0.11,869,473.97999999999996,1.2990146980037733,51.31
521,301.12,54.96,3.8,0.11,722,-246.16,0.2483843268405116,51.78
522,196.64,561.97,1.5,0.23,562,365.33000000000004,1.9643805928411635,42.38
523,485.26,223.94,2.2,0.13,797,-261.32,0.47348612990527744,37.03
524,422.64,78.82,2.4,0.05,998,-343.82,0.1893664560459361,29.02
525,420.78,301.81,4.2,0.08,237,-118.96999999999997,0.6770987571229865,57.63
526,239.66,168.93,2.1,0.07,979,-70.72999999999999,1.9150889921777579,28.21
527,213.26,185.23,1.8,0.49,565,-28.03,3.5416826003824093,71.35
528,143.97,198.23,4.8,0.38,962,54.25999999999999,0.40211371888755904,86.38
529,37.62,485.76,1.0,0.48,693,448.14,2.1832891365904086,61.07
530,433.71,332.71,5.0,0.22,476,-101.0,1.968465270382203,77.24
531,408.32,200.56,3.7,0.14,551,-207.76,0.4980258746989149,55.49
532,499.86,373.99,4.3,0.4,779,-125.87,0.80866199619443,85.21
533,498.35,435.37,2.2,0.16,309,-62.98000000000002,0.9138173498730139,44.91
534,282.16,178.12,1.1,0.15,562,-104.04000000000002,0.9677279148103879,30.38
535,386.8,259.86,4.0,0.12,120,-126.94,0.5518017539761748,60.8
536,472.94,90.69,4.3,0.06,527,-382.25,2.457723577235772,53.73
537,426.33,125.07,4.0,0.13,227,-301.26,3.008660091412076,60.73
538,131.2,415.05,1.6,0.18,506,283.85,1.1906879339032648,38.94
539,230.77,125.23,4.0,0.34,238,-105.54,2.568293683347006,81.62
540,73.29,324.59,4.1,0.03,340,251.29999999999995,1.7204113001537076,50.6
541,477.49,431.25,3.6,0.11,569,-46.24000000000001,1.1502453856822787,51.31
542,307.03,81.99,4.1,0.4,814,-225.03999999999996,0.41951494064674577,82.86
543,122.03,349.04,4.4,0.07,969,227.01000000000002,3.141956971824647,51.31
544,339.13,168.81,3.5,0.17,341,-170.32,1.0198767520541323,58.59
545,312.88,578.5,1.4,0.43,995,265.62,2.22671285604311,57.05
546,185.5,300.46,3.0,0.08,805,114.95999999999998,1.1155831136523966,39.95
547,65.64,487.48,1.3,0.04,684,421.84000000000003,1.1234587817750223,20.16
548,339.07,339.13,2.6,0.24,860,0.060000000000002274,0.8145701726995412,51.4
549,264.95,45.18,2.6,0.15,332,-219.76999999999998,0.17417116422513493,47.68
550,388.44,387.23,1.3,0.28,593,-1.2099999999999795,0.8284235072631196,45.07
551,264.88,571.81,2.4,0.4,895,306.92999999999995,7.511954808197582,65.05
552,427.57,368.93,1.4,0.07,426,-58.639999999999986,2.433414682408812,26.74
553,280.43,495.13,4.2,0.29,707,214.7,1.08114068607114,73.93
554,284.86,532.84,4.8,0.25,205,247.98000000000002,2.452884039957649,80.95
555,439.56,152.29,1.3,0.07,557,-287.27,0.2820550812142315,24.43
556,207.71,142.99,4.8,0.31,462,-64.72,0.5407071280015127,84.38
557,75.67,374.37,3.1,0.14,577,298.7,0.8533816590302947,49.23
558,24.1,258.4,2.2,0.24,404,234.29999999999998,1.1223559049646006,51.96
559,380.02,507.12,1.3,0.04,608,127.10000000000002,2.0925108314421292,20.92
560,313.95,542.01,3.0,0.23,812,228.06,2.4654748908296944,54.88
561,355.0,224.98,4.2,0.15,236,-130.02,0.5628580721022741,64.64
562,114.35,157.38,3.8,0.41,80,43.03,0.5111067809820732,88.2
563,76.82,472.7,1.2,0.03,309,395.88,0.9091783351284813,21.91
564,17.13,179.39,1.3,0.21,470,162.26,1.2021041345573946,39.3
565,181.79,497.12,2.6,0.23,578,315.33000000000004,7.225581395348837,53.22
566,299.06,265.77,2.2,0.36,600,-33.29000000000002,1.1791561293757487,62.0
567,202.2,407.18,1.9,0.29,353,204.98000000000002,1.1804371774801414,54.47
568,224.36,75.41,2.1,0.33,991,-148.95000000000002,0.15858095178011902,54.09
569,453.04,381.84,4.2,0.39,993,-71.20000000000005,1.907102187593647,81.07
570,180.65,282.03,4.7,0.43,88,101.37999999999997,0.7731509402927792,99.12
571,261.85,360.23,2.6,0.16,538,98.38,1.780144297291955,46.62
572,393.99,117.45,4.6,0.27,693,-276.54,0.34022768749456855,76.07
573,204.31,447.39,2.3,0.42,591,243.07999999999998,0.916088211806622,69.09
574,314.82,520.42,2.9,0.49,719,205.59999999999997,3.749963971753855,80.81
575,432.56,145.71,1.9,0.44,327,-286.85,0.6300428071085744,69.73
576,475.27,75.51,3.6,0.19,252,-399.76,0.13819546120058568,62.48
577,82.07,33.71,4.9,0.1,115,-48.35999999999999,0.0702760173448966,67.85
578,464.03,392.34,3.4,0.24,157,-71.69,1.2373533493124764,66.43
579,251.14,372.11,2.4,0.37,317,120.97000000000003,1.2769732326698697,67.83
580,136.54,337.08,3.6,0.25,271,200.54,2.015305512375942,68.29
581,234.98,154.53,1.5,0.24,853,-80.44999999999999,0.5297384388605122,40.47
582,490.22,246.73,4.6,0.42,579,-243.49000000000004,0.5263236486198217,92.21
583,251.38,364.8,3.0,0.18,139,113.42000000000002,0.9560500039311267,56.61
584,171.09,308.12,2.8,0.43,742,137.03,1.8106599283069873,73.58
585,320.37,592.92,3.3,0.2,304,272.54999999999995,4.829125264701091,59.96
586,127.67,99.14,3.5,0.16,504,-28.53,0.6319077060360763,55.96
587,47.17,423.18,1.3,0.23,302,376.01,3.9990549990549993,42.98
588,73.15,254.5,3.7,0.38,306,181.35,3.8461538461538463,81.94
589,72.74,268.36,2.0,0.06,432,195.62,1.1217187761243939,31.68
590,84.43,436.21,3.9,0.1,491,351.78,5.7684475006612,54.09
591,78.03,421.61,4.3,0.48,907,343.58000000000004,3.941385435168739,91.93
592,324.03,594.93,4.2,0.09,648,270.9,1.9327204210252744,54.52
593,99.12,94.47,3.2,0.28,139,-4.650000000000006,0.9166504948573646,68.61
594,179.38,80.38,3.1,0.29,798,-99.0,1.634404229361529,62.02
595,449.43,440.12,1.6,0.24,439,-9.310000000000002,2.3816017316017315,45.61
596,242.24,355.46,4.1,0.32,631,113.21999999999997,2.6752464815232933,76.69
597,337.1,179.01,2.1,0.11,93,-158.09000000000003,0.6158106574013553,41.07
598,94.44,66.06,3.0,0.28,761,-28.379999999999995,0.9468252830729541,60.39
599,104.22,69.68,2.1,0.19,713,-34.53999999999999,0.16701821668264624,42.87
600,30.03,538.63,1.5,0.33,647,508.6,1.077626392973611,51.53
601,92.78,131.28,3.5,0.07,68,38.5,0.31806948684401803,51.32
602,146.51,207.56,1.2,0.29,150,61.05000000000001,0.6917283210024662,49.5
603,96.74,151.46,4.0,0.09,963,54.72000000000001,0.31855466285281625,49.37
604,53.46,225.9,2.3,0.14,656,172.44,0.5840529499974146,40.44
605,69.11,60.27,1.0,0.11,815,-8.839999999999996,2.9200581395348837,22.85
606,235.78,321.05,3.0,0.09,406,85.27000000000001,1.4215816507261778,44.94
607,111.1,59.22,1.2,0.41,591,-51.879999999999995,0.12593033640964574,57.09
608,188.49,484.21,2.1,0.14,810,295.71999999999997,2.420686896965455,36.9
609,256.67,155.55,3.8,0.46,987,-101.12,4.596631205673758,84.13
610,348.29,333.21,1.3,0.48,82,-15.080000000000041,0.804447019627725,70.18
611,29.26,530.45,4.4,0.29,278,501.19000000000005,1.1944650859060102,80.22
612,401.71,397.51,1.0,0.07,573,-4.199999999999989,3.9388624653190645,21.27
613,317.67,329.12,2.0,0.19,679,11.449999999999989,1.0880719386405713,42.21
614,50.06,208.11,4.0,0.4,911,158.05,1.768139337298216,80.89
615,438.05,213.14,2.3,0.18,204,-224.91000000000003,0.5331298931939268,48.96
616,461.23,408.3,1.4,0.04,472,-52.93000000000001,2.5474170202146245,23.28
617,39.93,596.6,2.4,0.28,954,556.6700000000001,3.2392224997285264,52.46
618,145.67,403.87,2.1,0.42,295,258.20000000000005,0.8647068899070783,70.05
619,405.04,343.51,4.4,0.4,454,-61.53000000000003,1.273060816069377,89.46
620,376.65,443.78,2.3,0.09,893,67.13,1.1887388835315547,33.07
621,100.42,289.82,4.2,0.34,808,189.39999999999998,1.2586094584618057,77.92
622,112.58,54.88,4.6,0.11,590,-57.699999999999996,0.31462477784784726,61.1
623,191.53,346.13,2.7,0.11,210,154.6,0.9899894173840917,45.9
624,247.42,575.42,4.6,0.44,796,328.0,5.880633622892182,92.04
625,312.94,121.68,2.5,0.12,751,-191.26,0.5671405266837567,39.49
626,190.77,420.2,4.9,0.13,166,229.42999999999998,3.313096270598439,70.34
627,236.64,136.54,1.4,0.0,320,-100.1,0.352588766946417,20.8
628,376.26,330.78,3.7,0.44,819,-45.48000000000002,0.635931942708834,82.81
629,27.97,76.07,3.0,0.4,741,48.099999999999994,0.1389152666179693,72.59
630,133.69,281.22,2.6,0.31,536,147.53000000000003,1.0989449003517,61.64
631,359.54,458.57,3.5,0.38,934,99.02999999999997,3.0550966022651567,73.66
632,448.65,221.59,3.8,0.08,221,-227.05999999999997,0.8796395538089,53.79
633,260.72,405.65,1.0,0.23,999,144.92999999999995,0.8662367336479531,33.01
634,270.74,481.36,1.7,0.18,323,210.62,3.8444213720948808,41.77
635,62.51,557.76,3.9,0.05,308,495.25,1.0636764116940327,50.92
636,229.23,156.09,3.7,0.24,184,-73.13999999999999,0.7887316826680142,69.16
637,270.98,251.6,4.9,0.46,732,-19.380000000000024,0.4638643067846608,97.68
638,128.81,108.4,4.0,0.02,771,-20.409999999999997,0.23379200276064357,44.29
639,141.93,595.64,4.8,0.15,797,453.71,1.3307714649567686,65.03
640,194.87,557.66,3.8,0.1,471,362.78999999999996,3.013075426842446,53.29
641,19.83,333.18,2.2,0.12,470,313.35,16.91269035532995,39.3
642,167.82,508.38,1.4,0.45,235,340.56,2.316715275246081,66.65
643,113.61,322.16,4.1,0.23,978,208.55,1.825579418598062,64.22
644,170.47,381.68,3.6,0.23,413,211.21,10.902027992002285,64.87
645,68.68,71.69,1.2,0.38,656,3.009999999999991,0.251217717349406,53.44
646,446.36,458.06,2.4,0.08,427,11.699999999999989,1.9862110831671147,37.73
647,300.86,94.07,4.8,0.24,572,-206.79000000000002,0.2653671471691726,76.28
648,342.76,499.12,3.0,0.21,629,156.36,1.4370195491319495,54.71
649,396.69,473.58,2.7,0.3,940,76.88999999999999,5.949497487437186,57.6
650,254.24,431.07,2.8,0.5,771,176.82999999999998,0.8017222139562565,80.29
651,52.59,40.97,1.8,0.38,245,-11.620000000000005,0.35622989305277797,63.55
652,273.18,195.81,2.5,0.2,930,-77.37,0.7732801516467893,45.7
653,297.55,172.61,2.5,0.41,147,-124.94,0.6250814804084885,74.53
654,375.27,228.88,1.2,0.09,654,-146.39,0.5086335251894486,24.46
655,221.51,70.83,4.1,0.02,71,-150.68,1.0402408576883535,52.29
656,72.51,563.44,2.7,0.1,499,490.93000000000006,2.3061558611656845,42.01
657,149.05,341.21,4.3,0.17,221,192.15999999999997,0.9714163701067615,67.79
658,187.91,197.2,4.4,0.26,432,9.289999999999992,1.5156406117900236,75.68
659,326.5,250.25,1.8,0.31,183,-76.25,0.7135728542914171,57.17
660,289.68,279.38,3.6,0.46,475,-10.300000000000011,0.5487076753869118,87.25
661,184.49,368.34,2.9,0.25,74,183.84999999999997,0.6713324949423151,63.26
662,493.39,319.09,4.5,0.25,552,-174.3,9.860630407911001,74.48
663,306.83,553.25,1.9,0.03,234,246.42000000000002,3.9226460578559275,29.66
664,126.24,308.24,3.7,0.02,134,182.0,1.702889343130214,47.66
665,59.87,595.45,3.4,0.28,616,535.58,2.6055660088391024,65.84
666,84.9,513.83,2.2,0.22,812,428.93000000000006,3.553212087684116,45.88
667,130.52,140.94,1.5,0.42,193,10.419999999999987,1.137805764107532,65.07
668,88.73,559.75,3.6,0.08,912,471.02,1.0647910365424489,44.88
669,101.42,87.49,4.0,0.01,959,-13.930000000000007,0.17276515076716492,41.41
670,149.7,494.12,2.3,0.22,728,344.42,12.309915296462382,47.72
671,94.95,240.76,3.6,0.12,461,145.81,1.2267400387241414,53.39
672,449.42,529.23,2.6,0.02,273,79.81,2.283624595469256,35.27
673,49.31,523.47,3.9,0.36,269,474.16,3.663960243578078,82.31
674,267.01,487.44,1.8,0.06,228,220.43,1.3869398207426378,31.72
675,211.09,478.22,4.6,0.3,680,267.13,1.337304250559284,79.2
676,491.37,196.71,2.1,0.14,482,-294.65999999999997,0.4185141057827327,40.18
677,64.9,66.93,2.5,0.09,314,2.030000000000001,0.16270024552106377,40.86
678,204.95,253.73,1.2,0.19,478,48.78,0.8311386268343816,36.22
679,485.04,120.64,1.4,0.4,711,-364.40000000000003,0.33081964515863654,56.89
680,434.1,423.07,3.1,0.2,465,-11.03000000000003,2.6183314766679042,56.35
681,410.37,220.74,2.1,0.38,502,-189.63,0.6642992566733877,63.98
682,136.37,585.85,4.3,0.06,776,449.48,2.11696899616969,51.24
683,93.73,391.76,1.1,0.39,246,298.03,4.537410238591614,57.54
684,337.64,497.04,2.5,0.12,603,159.40000000000003,3.4335451782260296,40.97
685,465.39,96.86,2.3,0.34,102,-368.53,0.5662340699169882,65.98
686,282.81,519.97,1.1,0.28,529,237.16000000000003,1.0205295283703952,43.71
687,290.09,555.2,1.5,0.46,492,265.11000000000007,4.01562273976566,66.08
688,147.19,302.5,2.7,0.19,379,155.31,1.7820324005891017,52.21
689,387.05,371.63,3.0,0.03,300,-15.420000000000016,1.748024459078081,40.0
690,101.65,463.59,2.6,0.01,856,361.93999999999994,1.2526074034044852,28.44
691,168.6,121.41,3.1,0.41,939,-47.19,1.5513672374137488,72.61
692,218.46,311.49,3.4,0.26,832,93.03,0.5929077204202833,61.68
693,258.73,251.22,1.0,0.39,974,-7.510000000000019,0.5254769076305221,49.26
694,128.78,104.9,2.9,0.12,172,-23.879999999999995,0.32395540594793243,49.28
695,66.27,233.17,4.9,0.17,928,166.89999999999998,0.6207768696254092,66.72
696,309.2,59.54,3.1,0.02,436,-249.66,2.49017147636972,38.64
697,151.43,34.97,3.7,0.48,388,-116.46000000000001,0.17810940205765508,91.12
698,294.81,98.4,2.2,0.33,827,-196.41,0.22329127711718255,56.73
699,85.64,578.61,4.1,0.47,397,492.97,10.249955713020372,94.03
700,245.76,338.73,4.1,0.13,78,92.97000000000003,2.0400505902192245,63.22
701,270.97,580.18,3.1,0.31,84,309.2099999999999,1.7681406759516045,71.16
702,35.39,270.85,4.9,0.34,567,235.46000000000004,1.779800236561966,87.33
703,174.94,200.85,1.5,0.16,445,25.909999999999997,0.39024248076474705,36.55
704,75.86,313.56,1.1,0.42,672,237.7,3.683740601503759,56.28
705,41.05,274.92,4.1,0.47,343,233.87,0.6225402504472272,94.57
706,495.08,81.29,4.2,0.44,638,-413.78999999999996,0.28348735832606803,89.62
707,167.95,391.68,1.5,0.37,398,223.73000000000002,0.9405662416252432,58.02
708,406.84,145.3,2.1,0.14,196,-261.53999999999996,0.8017436406775921,43.04
709,134.77,379.36,1.1,0.14,116,244.59,1.3070111972437555,33.84
710,343.94,397.12,2.2,0.48,953,53.18000000000001,0.8388500454151792,70.47
711,382.51,108.17,4.1,0.01,569,-274.34,0.40852783442858226,46.31
712,301.86,55.58,3.1,0.36,171,-246.28000000000003,0.26791998071824535,75.29
713,241.07,472.84,2.4,0.35,389,231.76999999999998,1.5665253114232707,65.11
714,211.8,286.68,2.5,0.31,224,74.88,0.7188745956518469,63.76
715,180.95,53.74,1.0,0.5,949,-127.20999999999998,0.21299195434188103,60.51
716,465.47,597.02,2.2,0.16,740,131.54999999999995,1.1541078677749856,40.6
717,417.0,53.51,3.6,0.17,646,-363.49,0.3096643518518518,56.54
718,482.86,423.12,4.9,0.04,500,-59.74000000000001,1.5707762557077625,58.0
719,70.91,590.53,4.4,0.22,606,519.62,1.4061577293075531,69.94
720,368.13,158.72,1.1,0.13,185,-209.41,0.41367806505421184,32.15
721,469.79,102.5,4.6,0.17,904,-367.29,0.2148621737763337,63.96
722,98.8,90.4,4.1,0.42,65,-8.399999999999991,0.16487625161866898,92.35
723,42.58,195.9,4.1,0.47,382,153.32,0.8049471997370259,94.18
724,373.15,78.61,2.8,0.09,244,-294.53999999999996,1.0555928561836982,44.56
725,291.49,421.45,2.6,0.19,545,129.95999999999998,13.477774224496322,49.55
726,422.5,56.13,2.2,0.46,58,-366.37,0.138976923838764,77.42
727,78.49,315.46,1.3,0.03,877,236.96999999999997,0.6536676336510567,17.23
728,399.68,598.08,1.9,0.05,383,198.40000000000003,4.4941388638412985,30.17
729,108.8,492.1,2.0,0.08,382,383.3,4.932344392101835,34.18
730,90.19,376.83,2.9,0.3,376,286.64,7.805095277547638,65.24
731,90.49,197.63,4.0,0.08,64,107.14,0.4342085026914204,57.36
732,409.14,381.86,2.9,0.48,888,-27.279999999999973,2.1028691007214055,78.12
733,335.95,325.68,1.2,0.22,663,-10.269999999999982,1.4165543038580315,37.37
734,266.3,267.13,4.8,0.25,275,0.8299999999999841,0.9406979610522237,80.25
735,185.83,95.81,4.8,0.12,474,-90.02000000000001,0.20643812889185753,65.26
736,439.83,534.23,4.1,0.24,839,94.40000000000003,1.470897577092511,66.61
737,202.3,280.88,5.0,0.33,457,78.57999999999998,0.8163692379236179,88.43
738,410.13,132.88,3.2,0.38,162,-277.25,1.2193062947329785,78.38
739,225.18,233.3,4.9,0.38,477,8.120000000000005,0.8057052079016439,92.23
740,194.7,260.2,1.3,0.29,50,65.5,0.654212656827496,51.5
741,236.71,499.97,2.5,0.45,315,263.26,0.9333196438238534,76.85
742,157.68,445.5,1.9,0.41,540,287.82,3.629327902240326,64.6
743,376.33,466.2,1.8,0.38,257,89.87,23.182496270512182,63.43
744,256.33,26.4,1.6,0.03,671,-229.92999999999998,0.4774823657080846,22.29
745,123.78,261.37,3.5,0.0,761,137.59,1.209598296927064,37.39
746,450.79,299.18,4.1,0.11,418,-151.61,0.6590012995880966,57.82
747,198.11,31.13,3.3,0.33,355,-166.98000000000002,1.6540913921360254,72.45
748,276.34,170.69,1.6,0.21,61,-105.64999999999998,0.6581453634085213,46.39
749,454.17,460.97,4.2,0.2,394,6.800000000000011,2.411687768128074,68.06
750,315.88,99.52,3.5,0.44,514,-216.36,2.310120705663881,83.86
751,67.28,330.48,2.6,0.45,749,263.20000000000005,1.2915429107394092,73.51
752,470.52,144.82,3.7,0.45,715,-325.7,0.9572344503932845,84.85
753,317.58,27.03,2.0,0.16,543,-290.54999999999995,0.13298238709042606,40.57
754,174.1,159.9,2.4,0.35,417,-14.199999999999989,0.40738853503184713,64.83
755,78.24,586.01,4.7,0.14,895,507.77,1.9930279223208518,62.05
756,399.07,484.89,2.2,0.1,986,85.82,5.93573264781491,32.14
757,313.84,576.55,2.9,0.09,469,262.71,1.0891453831041256,43.31
758,271.4,302.96,4.6,0.17,938,31.560000000000002,0.852903915993356,63.62
759,448.01,83.65,3.8,0.21,840,-364.36,0.19694401280783538,60.6
760,396.41,337.82,1.2,0.42,220,-58.59000000000003,5.887417218543046,61.8
761,84.32,283.54,1.6,0.06,183,199.22000000000003,7.056744649079144,30.17
762,162.74,509.73,1.0,0.37,476,346.99,20.068110236220473,52.24
763,131.76,76.89,3.5,0.27,74,-54.86999999999999,0.6628448275862069,71.26
764,374.53,303.18,2.8,0.14,579,-71.34999999999997,1.280807739427992,46.21
765,26.43,107.03,1.5,0.25,239,80.6,0.2075552194232746,47.61
766,289.25,208.31,4.8,0.15,190,-80.94,0.8026432397025393,71.1
767,383.6,447.67,3.1,0.3,604,64.07,2.6288684009630634,64.96
768,439.62,296.09,2.0,0.22,895,-143.53000000000003,0.9380623495121023,43.05
769,177.62,238.02,3.0,0.08,845,60.400000000000006,3.178685897435898,39.55
770,412.42,248.8,3.7,0.06,707,-163.62,0.7294262511360639,45.93
771,64.21,286.48,1.3,0.27,364,222.27000000000004,0.8977468584500643,46.36
772,424.76,475.31,2.1,0.45,493,50.55000000000001,1.0834017140773158,71.07
773,72.47,537.41,4.2,0.17,368,464.93999999999994,0.9899241084585911,65.32
774,204.67,574.09,2.8,0.37,490,369.4200000000001,3.8472724835812895,70.1
775,400.67,476.4,3.2,0.33,141,75.72999999999996,1.6560642402753154,73.59
776,83.46,202.94,2.7,0.47,228,119.48,0.404875907748783,81.72
777,122.33,419.12,1.2,0.41,105,296.79,0.963317091109681,61.95
778,363.9,273.81,1.7,0.28,204,-90.08999999999997,0.99292863359443,52.96
779,362.82,167.71,2.8,0.33,721,-195.10999999999999,0.3220423603510187,63.79
780,324.16,507.71,1.8,0.45,160,183.54999999999995,11.129110039456378,71.4
781,350.03,42.29,1.2,0.2,186,-307.73999999999995,0.0824237935604584,40.14
782,275.93,543.02,4.4,0.16,281,267.09,12.922893860066633,67.19
783,133.38,287.66,4.9,0.01,517,154.28000000000003,0.9345375393911829,54.83
784,179.39,389.58,4.2,0.41,781,210.19,0.7928122265410367,85.19
785,98.98,402.43,4.4,0.4,530,303.45,2.5869760863975313,88.7
786,455.14,539.17,2.0,0.05,117,84.02999999999997,2.0144591817672333,33.83
787,295.86,389.27,4.8,0.29,863,93.40999999999997,2.06487375344791,78.37
788,206.42,376.08,1.8,0.23,298,169.66,0.717162471395881,48.02
789,236.38,58.66,4.8,0.06,372,-177.72,0.12873916383188852,60.28
790,474.17,320.68,5.0,0.49,971,-153.49,0.8132481233515927,99.29
791,85.14,107.1,3.8,0.11,953,21.959999999999994,0.3251563543627421,49.47
792,297.25,447.71,4.9,0.03,567,150.45999999999998,0.9861019338355138,56.33
793,257.89,317.09,3.3,0.3,841,59.19999999999999,1.4101663257137773,64.59
794,309.61,414.53,2.0,0.37,481,104.91999999999996,1.6291856626316616,62.19
795,18.87,44.17,2.7,0.02,536,25.3,0.10891382073727038,33.64
796,437.34,69.18,3.4,0.33,655,-368.15999999999997,0.3351744186046512,70.45
797,466.74,435.47,1.3,0.27,478,-31.269999999999982,8.852815612929458,45.22
798,286.92,61.81,3.5,0.05,318,-225.11,1.1285375205404418,46.82
799,351.36,61.33,4.9,0.09,758,-290.03000000000003,0.7994004171011471,60.42
800,462.02,27.02,1.8,0.28,586,-435.0,0.05625884900474723,50.14
801,356.55,574.77,4.2,0.15,197,218.21999999999997,2.1475489463458377,65.03
802,84.74,447.75,4.6,0.47,167,363.01,1.1295693635056385,101.33
803,292.38,224.89,4.8,0.41,899,-67.49000000000001,0.9985791039474268,90.01
804,307.29,191.99,4.8,0.49,416,-115.30000000000001,1.2514829541750865,102.84
805,217.82,222.83,3.1,0.13,899,5.010000000000019,1.1099875466998754,45.01
806,370.86,469.3,4.9,0.48,115,98.44,1.0668576234967833,105.85
807,467.84,403.59,4.0,0.22,862,-64.25,1.1547969898995678,63.38
808,463.53,127.41,1.6,0.17,419,-336.12,0.2466127283988851,38.81
809,230.91,120.98,2.9,0.03,224,-109.92999999999999,0.31951193746038453,39.76
810,65.49,77.07,3.9,0.03,880,11.579999999999998,0.24080612404311824,43.2
811,492.57,402.98,2.0,0.35,637,-89.58999999999997,1.1802020793674037,58.63
812,421.06,463.34,3.6,0.23,544,42.27999999999997,0.8924629697401621,63.56
813,71.08,173.73,3.7,0.11,163,102.64999999999999,0.39783370354255876,56.37
814,461.21,32.15,1.7,0.31,160,-429.06,1.1539842067480257,56.4
815,436.25,67.66,3.3,0.13,810,-368.59000000000003,0.22496342598749833,47.9
816,264.23,581.36,4.1,0.29,488,317.13,1.5168814903720713,75.12
817,299.72,191.36,3.0,0.18,764,-108.36000000000001,0.46049813500180486,50.36
818,205.51,466.15,1.0,0.41,196,260.64,3.612725722700147,59.04
819,36.83,382.3,1.0,0.41,84,345.47,0.7982210715329686,60.16
820,174.25,241.52,2.4,0.24,358,67.27000000000001,0.45883202249325583,54.42
821,403.4,139.3,4.7,0.18,587,-264.09999999999997,0.9834792431516522,69.13
822,12.27,90.4,1.9,0.18,799,78.13000000000001,0.18555008210180626,39.01
823,173.41,376.71,3.5,0.4,63,203.29999999999998,5.632625598086125,84.37
824,205.1,469.29,1.9,0.16,423,264.19000000000005,10.475223214285716,40.77
825,273.32,393.46,2.3,0.1,606,120.13999999999999,4.676809699274932,36.94
826,460.73,327.58,4.4,0.04,477,-133.15000000000003,7.1383743735018514,53.23
827,179.71,44.33,3.9,0.23,777,-135.38,0.09490879506722617,64.23
828,180.01,581.72,1.4,0.24,282,401.71000000000004,12.485941189096373,45.18
829,371.38,483.25,2.7,0.42,754,111.87,3.013907945615567,71.46
830,231.59,189.84,1.1,0.11,612,-41.75,2.6923840589987234,25.88
831,120.06,588.38,2.9,0.19,988,468.32,3.4000577867668302,48.12
832,231.7,369.09,3.6,0.4,936,137.39,5.817021276595744,76.64
833,79.02,357.81,1.5,0.41,775,278.79,0.9608733014662442,58.25
834,96.43,453.88,2.2,0.19,712,357.45,5.257500289586471,43.88
835,254.2,490.83,2.6,0.23,489,236.63,1.0426774865106003,54.11
836,215.27,400.76,4.7,0.15,551,185.48999999999998,0.8862450243255197,66.49
837,458.27,94.3,5.0,0.47,324,-363.96999999999997,4.22680412371134,103.76
838,187.57,216.2,1.2,0.06,899,28.629999999999995,0.4374658545962243,19.01
839,294.49,558.29,4.0,0.47,125,263.79999999999995,18.310593637258116,95.75
840,319.81,150.28,2.5,0.34,488,-169.53,1.0493680608896025,64.12
841,16.42,235.86,2.6,0.27,781,219.44,7.295391277451285,55.19
842,335.13,270.6,4.0,0.02,909,-64.52999999999997,1.3899732895007193,42.91
843,97.24,274.85,4.7,0.24,748,177.61,0.9480201434878588,73.52
844,480.92,375.5,4.8,0.2,338,-105.42000000000002,0.8510686521157725,74.62
845,82.84,566.98,3.3,0.08,964,484.14,2.8954141558574205,41.36
846,213.17,159.6,2.4,0.33,589,-53.56999999999999,0.40668637243909894,61.11
847,51.82,90.47,4.2,0.49,940,38.65,0.784580695516434,91.6
848,498.47,134.53,2.0,0.28,741,-363.94000000000005,0.32294692368629524,50.59
849,256.08,534.42,3.3,0.36,302,278.34,3.7832365850205294,75.98
850,301.74,394.57,2.4,0.03,175,92.82999999999998,4.298148148148148,35.25
851,42.87,185.83,3.6,0.21,226,142.96,1.6273754269200458,64.74
852,377.48,493.25,2.0,0.06,86,115.76999999999998,4.388345195729537,35.14
853,112.85,519.59,1.8,0.31,459,406.74,1.7955283710000693,54.41
854,450.05,510.98,4.7,0.47,660,60.93000000000001,1.0942458830331712,97.4
855,110.52,552.98,1.4,0.33,659,442.46000000000004,9.602014238583086,50.41
856,103.44,166.3,3.0,0.04,176,62.860000000000014,0.4229184680331621,42.24
857,27.91,457.92,1.9,0.18,532,430.01,1.2543004273036047,41.68
858,241.31,287.11,1.2,0.28,217,45.80000000000001,0.5959111664591117,47.83
859,286.77,508.36,1.1,0.2,641,221.59000000000003,3.491003982969372,34.59
860,42.2,442.52,1.7,0.42,343,400.32,1.7298776435635823,65.57
861,390.01,470.34,4.5,0.41,894,80.32999999999998,0.9216569995297068,87.06
862,232.11,400.57,2.1,0.31,687,168.45999999999998,1.0882097256180385,55.13
863,266.95,122.91,4.8,0.19,392,-144.04,0.5511906363514059,73.08
864,225.97,336.12,3.3,0.13,359,110.15,3.939983589262689,52.41
865,206.37,591.11,2.7,0.05,711,384.74,3.8030624718522805,34.89
866,284.22,563.69,3.3,0.18,577,279.47,1.729375671115202,55.23
867,86.07,45.04,3.1,0.21,589,-41.029999999999994,0.11281999899804618,56.11
868,99.14,115.59,4.0,0.34,468,16.450000000000003,1.4170650974623025,79.32
869,432.27,96.4,2.1,0.33,493,-335.87,0.28709273929358514,59.07
870,473.6,441.07,2.4,0.04,734,-32.53000000000003,1.4253813340227508,30.66
871,192.92,494.32,4.6,0.2,607,301.4,1.7047280753181362,69.93
872,142.66,143.84,4.8,0.09,889,1.1800000000000068,0.37436885117901203,58.11
873,325.56,313.39,4.6,0.08,285,-12.170000000000016,0.6768097788527988,61.15
874,210.28,507.61,2.7,0.41,488,297.33000000000004,2.7029286474973375,73.12
875,22.44,445.02,4.1,0.02,263,422.58,0.9070563776446129,50.37
876,86.51,334.5,2.9,0.21,134,247.99,3.313849811769368,58.66
877,360.83,362.4,3.0,0.08,843,1.5699999999999932,3.3689690434135913,39.57
878,332.87,314.85,1.8,0.44,793,-18.019999999999982,1.9962591935074818,64.07
879,23.28,192.58,3.4,0.28,134,169.3,2.439265357821406,70.66
880,118.77,347.71,1.7,0.12,970,228.94,2.5156272608884387,29.3
881,123.23,419.55,2.3,0.25,538,296.32,5.8327540664534965,52.62
882,339.23,526.53,4.4,0.37,114,187.29999999999995,1.1581251099771248,89.86
883,19.66,389.05,1.8,0.48,695,369.39,4.354224958030219,69.05
884,61.01,461.45,1.3,0.11,712,400.44,1.112463837994214,26.88
885,401.96,112.84,1.3,0.44,676,-289.12,2.777258183608171,60.24
886,97.49,287.7,4.8,0.47,113,190.20999999999998,0.5506641656777552,103.87
887,329.85,25.41,3.0,0.46,392,-304.44,0.06425266139024452,82.08
888,126.71,163.07,2.6,0.32,988,36.36,8.748390557939913,58.12
889,58.73,441.35,4.2,0.31,924,382.62,1.0417551810414012,73.76
890,129.15,595.25,4.3,0.2,968,466.1,2.0523738923559636,63.32
891,363.91,77.52,2.3,0.38,401,-286.39000000000004,0.17946106120937125,66.99
892,429.29,252.87,3.8,0.27,207,-176.42000000000002,0.8585251578732939,72.93
893,416.81,484.04,4.1,0.34,638,67.23000000000002,1.3522559016622435,78.62
894,204.62,138.34,3.6,0.21,540,-66.28,0.31751933714338176,61.6
895,337.36,341.95,1.6,0.37,707,4.589999999999975,1.4756397531610064,55.93
896,110.44,445.18,4.5,0.41,904,334.74,27.06261398176292,86.96
897,153.64,377.27,3.2,0.07,512,223.63,0.8031806182406539,43.88
898,449.2,129.05,2.1,0.42,274,-320.15,0.5898619617880977,70.26
899,16.37,226.12,2.7,0.27,966,209.75,0.8064769241743348,54.34
900,51.9,474.6,1.2,0.42,362,422.70000000000005,24.77035490605428,60.38
901,111.86,341.45,1.5,0.22,664,229.58999999999997,1.227045675063787,40.36
902,23.0,23.03,4.1,0.19,968,0.030000000000001137,0.04243049542163348,60.32
903,98.9,461.37,1.0,0.46,908,362.47,2.8154634771465186,56.92
904,295.69,40.48,2.7,0.13,862,-255.21,0.17868020304568524,41.38
905,216.5,452.53,3.1,0.42,989,236.02999999999997,1.1826211943028877,73.11
906,447.41,137.44,1.2,0.24,515,-309.97,0.30480583708500586,40.85
907,410.55,575.68,4.9,0.26,137,165.12999999999994,2.415778430549727,83.63
908,177.49,233.41,1.9,0.15,932,55.91999999999999,1.2919134333314883,34.68
909,137.12,209.62,2.2,0.29,352,72.5,0.40565855168943765,57.48
910,196.05,106.36,2.2,0.16,729,-89.69000000000001,0.28192011026585734,40.71
911,299.24,197.25,1.9,0.02,484,-101.99000000000001,2.506990340620234,26.16
912,141.35,528.46,1.0,0.14,731,387.11,10.186198920585968,26.69
913,315.83,597.87,3.9,0.0,184,282.04,2.1843989769820973,47.16
914,210.61,233.62,4.9,0.49,99,23.00999999999999,1.75984934086629,107.01
915,280.5,280.19,1.9,0.48,481,-0.3100000000000023,1.8570387062566278,72.19
916,223.7,438.8,3.7,0.2,389,215.10000000000002,0.9055451224797243,63.11
917,154.29,533.99,4.0,0.36,396,379.70000000000005,8.486808645899554,82.04
918,474.74,363.97,4.4,0.17,695,-110.76999999999998,0.9151413054410138,64.05
919,384.17,247.08,2.7,0.34,396,-137.09,1.5436711233287517,67.04
920,78.66,259.32,2.2,0.4,698,180.66,0.6148228934515625,65.02
921,435.55,423.46,2.3,0.47,294,-12.090000000000032,1.0547211636653464,77.06
922,248.84,21.87,3.9,0.2,158,-226.97,1.1540897097625331,67.42
923,448.33,379.36,4.3,0.39,874,-68.96999999999997,1.3200180938793975,83.26
924,401.93,226.19,1.7,0.13,848,-175.74,2.526133571588117,31.52
925,218.35,480.63,2.5,0.5,582,262.28,1.0045983738477937,79.18
926,21.01,73.93,4.6,0.01,139,52.92,0.15360482027841263,55.61
927,141.65,361.16,4.2,0.3,345,219.51000000000002,1.5122686542165649,78.55
928,275.4,298.96,4.9,0.33,161,23.560000000000002,1.1828288822947577,90.39
929,320.4,392.55,4.0,0.34,862,72.15000000000003,2.2145436082590546,75.38
930,136.36,57.62,2.6,0.06,638,-78.74000000000001,0.1446357748882976,35.62
931,78.28,356.39,3.4,0.47,226,278.11,1.7226894818252128,88.74
932,419.12,345.66,3.6,0.09,392,-73.45999999999998,2.1839893852277754,51.08
933,492.36,345.18,1.3,0.31,709,-147.18,1.401803118908382,46.91
934,267.59,370.02,3.2,0.11,150,102.43,5.786082877247849,51.5
935,94.12,412.35,3.8,0.15,807,318.23,0.9949810583210675,54.93
936,143.43,486.89,1.7,0.27,678,343.46,22.39604415823367,47.22
937,19.01,176.5,4.1,0.21,653,157.49,0.490550305725403,65.47
938,458.01,498.53,3.3,0.08,450,40.51999999999998,4.418417087653992,46.5
939,67.7,308.99,4.8,0.09,77,241.29000000000002,2.2175254772498922,66.23
940,292.49,64.69,1.2,0.21,986,-227.8,0.18219455866614093,33.14
941,144.29,53.96,2.1,0.38,586,-90.32999999999998,0.09878803412544396,63.14
942,281.55,213.86,3.4,0.45,107,-67.69,0.4961028115431011,87.93
943,329.2,475.24,2.2,0.04,547,146.04000000000002,3.4990428508319837,30.53
944,416.57,430.45,3.9,0.2,346,13.879999999999995,3.9429330402125125,65.54
945,111.15,477.4,4.0,0.05,183,366.25,0.99784712497126,53.17
946,15.39,320.02,1.4,0.01,380,304.63,1.2667036098796707,21.2
947,77.07,275.32,3.1,0.33,298,198.25,3.117300724637681,71.02
948,451.01,105.52,3.0,0.3,599,-345.49,0.22155034853447553,64.01
949,438.21,210.35,2.5,0.08,951,-227.85999999999999,0.4657779942871061,33.49
950,302.73,271.73,4.7,0.12,990,-31.0,0.5019117456916456,59.1
951,304.25,71.39,4.3,0.01,124,-232.86,0.14229335672001756,52.76
952,335.87,147.95,3.8,0.42,703,-187.92000000000002,0.31431242166089524,82.97
953,95.93,366.97,3.9,0.49,883,271.04,8.508462786923255,89.17
954,458.06,446.68,2.8,0.07,217,-11.379999999999995,6.30369743155518,42.83
955,215.2,599.04,4.7,0.12,820,383.84,1.8754578754578752,60.8
956,197.74,561.21,3.8,0.43,552,363.47,1.8748246141511327,85.48
957,264.27,392.69,3.9,0.46,934,128.42000000000002,1.5102880658436215,85.66
958,33.01,264.32,4.4,0.21,404,231.31,1.162970784934882,70.96
959,91.48,388.98,2.1,0.03,274,297.5,1.5831501831501833,31.26
960,371.64,475.68,4.2,0.02,713,104.04000000000002,1.4885001721062678,46.87
961,50.57,88.63,1.8,0.29,580,38.059999999999995,5.50155183116077,51.2
962,305.54,257.74,2.4,0.2,195,-47.80000000000001,1.668436043500777,52.05
963,130.22,507.09,2.3,0.01,290,376.87,1.7349459422471603,31.1
964,200.75,242.62,4.9,0.29,933,41.870000000000005,0.6044495378559506,78.67
965,151.46,351.69,4.4,0.01,942,200.23,3.2512711472681888,45.58
966,184.28,360.91,3.8,0.39,393,176.63000000000002,1.1733857858118215,83.07
967,362.33,127.0,3.9,0.15,798,-235.32999999999998,0.3197059712012889,56.02
968,155.59,230.1,3.2,0.02,84,74.50999999999999,0.9099177475482442,43.16
969,287.54,214.02,4.8,0.29,751,-73.52000000000001,7.25737538148525,79.49
970,243.26,35.19,3.0,0.2,50,-208.07,0.13780545112781953,59.5
971,335.2,34.03,2.5,0.49,202,-301.16999999999996,0.19602534562211982,81.98
972,469.05,502.38,1.7,0.27,478,33.329999999999984,0.9805215083144664,49.22
973,368.96,178.38,4.1,0.14,994,-190.57999999999998,2.184155748744949,55.06
974,115.32,320.49,3.9,0.35,557,205.17000000000002,0.8802977449391601,78.43
975,25.28,193.26,2.5,0.14,175,167.98,4.472575792640592,47.25
976,138.51,565.59,1.1,0.45,540,427.08000000000004,2.229365392195507,60.6
977,301.59,170.39,4.4,0.19,531,-131.2,0.5472091977647889,67.69
978,35.2,269.2,1.0,0.27,394,234.0,1.543489478814288,43.06
979,253.22,526.18,3.8,0.03,961,272.9599999999999,2.0357488296514097,41.39
980,302.45,508.32,4.9,0.21,787,205.87,4.959219512195122,72.13
981,173.78,127.94,2.8,0.42,270,-45.84,0.7199369759720893,77.3
982,387.75,485.53,1.9,0.4,964,97.77999999999997,1.3980534999568082,59.36
983,62.23,285.75,3.8,0.11,968,223.52,1.6193471608296497,49.32
984,46.82,300.12,4.3,0.11,772,253.3,0.6046417922475622,56.28
985,366.81,97.42,3.2,0.41,74,-269.39,0.27739179954441917,82.26
986,252.79,66.75,4.9,0.47,577,-186.04,0.2673421980134572,100.23
987,347.32,442.2,1.2,0.05,231,94.88,12.37615449202351,24.69
988,223.07,307.95,3.0,0.23,548,84.88,1.0910153758945653,57.52
989,130.74,273.37,3.9,0.17,890,142.63,0.644497359486986,57.1
990,411.36,443.11,4.5,0.44,690,31.75,2.8210988731138986,92.1
991,401.71,464.0,1.7,0.04,91,62.29000000000002,1.0389145134566298,30.09
992,350.4,112.17,4.2,0.11,964,-238.22999999999996,0.749198503873898,53.36
993,143.35,373.93,3.2,0.38,530,230.58,0.8205617730963354,74.7
994,299.21,98.51,2.6,0.03,979,-200.7,1.6250412405146817,29.21
995,186.88,455.8,1.5,0.25,897,268.92,0.9527392822056395,41.03
996,54.88,401.03,4.5,0.22,797,346.15,1.4217896901368503,69.03
997,459.48,574.84,1.6,0.17,921,115.36000000000001,3.310336884537864,33.79
998,77.04,60.0,2.2,0.2,488,-17.040000000000006,0.38255547054322875,47.12
999,475.62,53.09,2.2,0.26,451,-422.53,0.21569902084264414,53.49
1000,228.54,183.67,4.5,0.08,595,-44.870000000000005,0.3342554004622468,57.05
