product_id,cost_price,current_price,customer_rating,discount,sales_volume,profit_margin,price_ratio,price_adjustment,multiple_regression_prediction
1,193.52,127.38,2.0,0.34,667,-66.14000000000001,0.5130911141545155,57.33,15.808664601221395
2,475.85,334.3,2.0,0.4,70,-141.55,1.004446848146145,69.3,41.70284874187373
3,368.68,526.31,4.6,0.13,113,157.62999999999994,1.5926587181504568,67.87,65.6667035886797
4,303.34,444.69,2.0,0.31,214,141.35000000000002,8.71087169441724,58.86,55.57415613366131
5,86.45,487.81,2.1,0.29,76,401.36,1.0607563006936742,59.24,60.855085991689755
6,86.44,402.09,4.0,0.42,360,315.65,3.6596887230363153,88.4,50.1420137277878
7,38.46,421.52,2.8,0.45,334,383.06,1.048974716304997,79.66,52.5562181939464
8,434.43,512.53,4.1,0.01,709,78.09999999999997,1.1964377421915122,44.91,63.96806791924824
9,304.55,164.81,1.3,0.34,330,-139.74,0.4146476463632475,53.7,20.502627135148515
10,356.96,303.87,3.0,0.03,887,-53.089999999999975,0.9357043879907622,34.13,37.88800658235587
11,20.09,148.3,1.1,0.27,880,128.21,6.498685363716039,39.2,18.489789797324235
12,485.26,592.85,1.3,0.14,213,107.59000000000005,2.8529836381135705,34.87,74.06651096851142
13,417.9,567.55,4.6,0.15,947,149.64999999999998,1.6762160725361055,61.53,70.84879985574895
14,114.05,42.87,1.6,0.18,967,-71.18,0.192856178865446,34.33,5.243060782700354
15,99.09,429.23,3.1,0.31,273,330.14,0.899928715196243,69.27,53.51899962743594
16,99.87,556.64,2.6,0.17,833,456.77,3.088840796848121,44.67,69.494622146766
17,159.08,124.73,2.4,0.37,195,-34.35000000000001,0.7250058126017206,69.05,15.458720809266666
18,267.13,349.41,4.6,0.2,999,82.28000000000003,2.221155679867777,66.01,43.56422589730832
19,221.65,550.98,1.1,0.03,917,329.33000000000004,2.854227103191049,14.83,68.82267178589274
20,152.7,39.69,3.7,0.39,79,-113.01,0.1267200919510871,85.21,4.79542308892762
21,309.81,424.5,4.9,0.14,94,114.69,1.0794659885568976,72.06,52.91971410375708
22,78.35,192.46,3.2,0.22,836,114.11,0.5209083281457222,55.64,23.919152657690347
23,153.15,556.15,4.7,0.34,520,403.0,1.2438217073334377,85.8,69.379018095753
24,189.52,583.21,1.2,0.17,83,393.69000000000005,1.1927560536649215,38.17,72.81023891649059
25,233.47,567.67,2.7,0.03,702,334.19999999999993,1.2570194862710362,32.98,70.86356037411693
26,394.74,295.04,2.0,0.19,476,-99.7,11.73587907716786,44.24,36.91090135457922
27,107.84,519.98,3.9,0.47,879,412.14,1.2722156977882169,87.21,64.87273087134167
28,261.97,509.84,4.9,0.32,935,247.86999999999995,4.030674361609614,81.65,63.6368366889036
29,300.28,205.08,2.0,0.34,270,-95.19999999999996,2.381328379006038,61.3,25.546409865010887
30,32.76,500.77,3.6,0.32,917,468.01,1.4043299026893632,68.83,62.46977024565794
31,307.7,41.46,1.8,0.1,583,-266.24,0.2228313447275072,32.17,5.07563243616886
32,93.56,365.84,3.3,0.21,741,272.28,8.029850746268655,56.59,45.67727243930316
33,41.88,153.41,2.9,0.38,997,111.53,1.730903757192824,67.03,19.054087160475902
34,474.95,89.93,4.9,0.05,416,-385.02,5.8019354838709685,59.84,11.162179626595147
35,483.16,64.63,3.4,0.14,981,-418.53,0.1297218096423266,48.19,7.974730240637058
36,406.11,423.85,2.4,0.14,890,17.74000000000001,15.046148384806532,39.1,53.05741267912513
37,159.26,217.13,1.5,0.22,792,57.870000000000005,1.7088776955768927,39.08,27.050773075882333
38,57.86,440.36,1.6,0.49,964,382.5,1.85258729490955,65.36,54.956059647841236
39,345.27,57.91,1.9,0.03,599,-287.36,0.281430723623463,26.01,7.135943522937737
40,225.67,202.87,2.0,0.26,631,-22.799999999999983,0.4035045846013088,49.69,25.249129917183083
41,69.8,332.9,4.4,0.09,165,263.1,9.108071135430915,61.35,41.537133782846034
42,252.64,478.62,3.2,0.49,288,225.98,1.655952669273086,88.12,59.71790343667472
43,26.85,204.88,3.1,0.06,384,178.03,0.5404949084577639,43.16,25.457888139096198
44,455.57,383.02,1.5,0.2,490,-72.55000000000001,0.745958789389631,40.1,47.80728713799763
45,136.8,533.87,4.4,0.37,197,397.07,1.5389737676563853,89.03,66.59179930803558
46,334.64,377.2,3.9,0.35,58,42.56,0.8476214017662524,83.42,47.020327661430784
47,162.74,155.12,1.3,0.21,337,-7.620000000000003,2.594413781568824,40.63,19.299692789727516
48,264.83,34.15,3.8,0.17,437,-230.68,0.1541899945819035,60.63,4.121725179170667
49,277.89,524.66,3.2,0.2,99,246.77,2.4395982516507018,61.01,65.48139946201285
50,100.58,32.34,1.3,0.13,899,-68.24,0.0661133371493989,27.01,3.926707164018083
51,485.1,527.33,2.8,0.1,566,42.23000000000002,5.494165451135653,42.34,65.88747991326085
52,389.82,326.78,2.9,0.24,965,-63.04000000000002,3.394764180344899,53.35,40.78610318958236
53,470.35,564.66,1.7,0.13,904,94.30999999999996,2.9597442079882583,30.96,70.5511293240091
54,448.47,483.29,4.8,0.14,687,34.81999999999999,10.949025826914363,65.13,60.40763674747621
55,302.97,598.8,4.4,0.33,636,295.8299999999999,5.316995205114544,80.64,74.77928040034664
56,461.72,223.41,3.7,0.48,726,-238.31000000000003,0.4204256760571331,87.74,27.818401261248184
57,53.36,464.97,2.8,0.3,327,411.61,1.9049901671583087,64.73,57.99978377260728
58,106.03,253.12,2.6,0.04,885,147.09,0.716789850763175,31.15,31.51948103054704
59,32.16,298.33,3.6,0.04,349,266.17,0.7394106129328079,46.51,37.13673518381449
60,169.41,383.95,3.2,0.48,851,214.54,1.816912738974068,81.49,47.886613969832936
61,200.45,526.73,1.2,0.15,638,326.28000000000003,5.617254985603072,30.62,65.81012027486679
62,142.96,590.77,3.1,0.05,859,447.81,4.706580624601657,37.41,73.7770596694283
63,416.08,465.6,4.2,0.3,698,49.52000000000004,2.5498357064622126,75.02,58.11094621541287
64,184.81,262.3,2.8,0.31,667,77.49000000000001,0.7382493667323389,62.33,32.66773974550446
65,147.66,264.39,1.2,0.32,656,116.73,1.15919852683269,47.44,32.954359560086914
66,275.92,447.8,4.1,0.13,184,171.88,24.010723860589813,62.16,56.09232739737266
67,79.05,158.49,1.8,0.01,629,79.44000000000001,0.5372178157413058,22.71,19.688897013972934
68,403.08,84.07,2.0,0.48,196,-319.01,0.1654888683293635,76.04,10.400865119531488
69,46.53,225.68,1.7,0.13,539,179.15,0.5021136474880968,34.61,28.08577523194147
70,493.57,186.6,2.3,0.34,527,-306.97,0.4087712764792218,61.73,23.23623611750071
71,388.4,191.86,4.0,0.35,208,-196.54,0.4356889817422109,82.92,23.849104241961257
72,107.37,155.49,3.1,0.31,433,48.120000000000005,0.8261955366631244,67.67,19.29509137712938
73,12.71,44.41,1.8,0.16,212,31.7,0.1046467788302936,41.88,5.403186007671053
74,409.58,30.37,4.5,0.14,490,-379.21,0.3315864177311933,64.1,3.656728852877791
75,356.36,592.88,4.5,0.3,902,236.52,1.6160052333187964,75.98,74.00930310802873
76,367.21,268.11,4.5,0.43,238,-99.09999999999997,0.7484088878963824,95.62,33.3772328619189
77,387.92,242.91,2.0,0.47,464,-145.01000000000002,8.469665271966527,72.36,30.356330601736175
78,46.28,414.2,2.8,0.05,388,367.92,0.9487813817115632,39.12,51.64195812756612
79,185.65,146.59,4.9,0.08,656,-39.06,0.2942156390494541,60.44,18.161963995371906
80,66.78,570.98,4.1,0.47,230,504.2000000000001,3.612197127854748,95.7,71.2523739734043
81,432.92,476.08,1.1,0.37,337,43.15999999999997,1.0588261459422192,54.63,59.446907753072395
82,315.42,71.86,1.3,0.44,883,-243.56,1.2161110170925706,58.17,8.90311434680713
83,172.14,262.2,2.9,0.1,236,90.06,0.7804035954521101,46.64,32.642756124537655
84,41.14,529.89,4.6,0.29,933,488.75,1.928134779128157,75.67,66.10220356910062
85,162.38,567.94,3.2,0.35,187,405.56000000000006,1.849545706190771,75.13,70.87638044061627
86,169.34,291.09,3.0,0.34,179,121.74999999999996,0.5701833424743399,72.21,36.24961907881281
87,367.51,375.78,1.4,0.2,243,8.269999999999982,0.7810038449547958,41.57,46.88883504915123
88,322.4,116.88,3.6,0.01,365,-205.52,0.2686773021930026,43.35,14.474873205547965
89,444.73,594.88,4.3,0.29,834,150.14999999999998,3.6850647339404072,73.66,74.29271816570059
90,241.39,154.37,2.5,0.13,913,-87.01999999999998,0.3070084722166978,38.87,19.18422087717954
91,68.6,566.78,4.1,0.23,193,498.18,8.43799315170463,72.07,70.7788049058632
92,359.49,396.8,4.9,0.48,65,37.31,0.8415159162725596,106.35,49.45820772624046
93,382.78,372.49,1.8,0.2,351,-10.289999999999964,1.9546098546465869,44.49,46.48807244174938
94,285.03,317.36,3.1,0.42,472,32.33000000000004,7.250628284212931,78.28,39.6242508614862
95,387.77,153.79,2.1,0.09,294,-233.98,0.4121840744016509,37.06,19.12023996869455
96,251.96,122.39,4.2,0.34,976,-129.57,0.8822172565414835,76.24,15.16783980324361
97,266.14,147.88,3.3,0.49,156,-118.26,1.01768632578625,90.44,18.352954305535988
98,219.5,128.13,3.5,0.05,137,-91.37,0.7168512923799932,48.63,15.871696595863952
99,22.46,472.16,4.2,0.0,178,449.7000000000001,9.622172406765843,50.22,58.95378244991818
100,62.87,223.07,2.6,0.22,956,160.2,2.032343294460641,48.44,27.77340992450162
101,25.4,53.55,4.7,0.05,936,28.15,3.016901408450704,52.64,6.550556524731007
102,321.84,582.08,3.1,0.37,390,260.24000000000007,2.2980773026965142,74.1,72.67251637804237
103,164.03,532.6,1.6,0.46,53,368.5700000000001,8.864846870838882,71.47,66.55551507680721
104,259.2,558.1,3.8,0.22,376,298.90000000000003,1.4678344116564097,66.24,69.6472315626128
105,454.71,597.05,4.2,0.13,459,142.33999999999995,4.232596058414859,60.41,74.56387172362007
106,132.15,120.86,2.3,0.22,928,-11.290000000000006,0.232508031780843,45.72,14.985255062314309
107,211.09,249.82,4.4,0.36,355,38.72999999999999,0.5192467575656801,86.45,31.07549127904325
108,380.22,459.78,4.6,0.0,957,79.55999999999995,2.7069767441860466,46.43,57.38091496410363
109,122.11,423.69,2.1,0.29,656,301.58,0.9761992534906226,53.44,52.85407448629724
110,47.72,109.26,4.9,0.31,770,61.540000000000006,0.2456716283671358,82.3,13.481767642759706
111,151.98,493.18,1.6,0.32,274,341.20000000000005,0.9085683756747296,55.26,61.54426501463964
112,89.0,150.18,1.8,0.12,397,61.18000000000001,0.4485127224943257,36.03,18.644531801230585
113,465.55,149.81,1.7,0.36,370,-315.74,2.545624468988955,59.3,18.66196625778258
114,405.98,331.45,4.6,0.05,608,-74.53000000000003,0.9179914695618456,54.92,41.310121111102845
115,320.37,363.91,3.6,0.1,230,43.54000000000002,1.0416475841538817,53.7,45.367850561536315
116,437.02,356.45,1.6,0.44,667,-80.57,0.9998036575788176,63.33,44.48837658545846
117,403.8,73.06,2.8,0.37,760,-330.74,0.4074280615659157,67.4,9.027561112044012
118,101.42,528.93,3.5,0.01,435,427.50999999999993,1.1137009664582147,41.65,65.98532493345823
119,447.35,174.05,1.3,0.12,667,-273.3,0.3294404906117504,28.33,21.680094364560247
120,274.28,95.12,4.5,0.11,841,-179.15999999999997,0.723456038941284,57.59,11.75091343718077
121,405.65,535.47,4.2,0.14,821,129.82000000000005,8.614382239382241,57.79,66.91472327971175
122,449.08,574.28,3.0,0.12,157,125.2,4.822640241854216,50.43,71.73423859223276
123,165.82,520.03,4.9,0.03,580,354.21,1.1454405286343612,56.2,64.861238723017
124,63.93,489.52,2.7,0.23,459,425.59,1.2984615384615383,55.41,61.068641093882846
125,121.69,400.04,4.9,0.37,345,278.35,1.12595344648034,92.55,49.84762585590018
126,219.28,339.5,3.7,0.3,867,120.22,1.4763437119499043,68.33,42.32290575417774
127,410.83,70.45,3.5,0.34,220,-340.38,0.2173443573764423,76.8,8.676420294121314
128,431.76,256.9,1.7,0.04,380,-174.86,1.4295253463914082,27.2,32.03677280073887
129,13.41,236.16,4.5,0.48,542,222.75,0.8736958934517203,97.58,29.353076725074402
130,260.27,170.66,2.7,0.42,244,-89.60999999999999,0.3884905187916865,76.56,21.205271310903356
131,214.53,439.58,1.6,0.4,61,225.05,0.8140973405437439,65.39,54.84293710377396
132,118.83,307.61,1.1,0.41,244,188.78000000000003,0.598602786642796,59.56,38.34130067522875
133,68.73,67.01,3.2,0.47,539,-1.7199999999999989,0.1302125840425945,83.61,8.221047507714601
134,175.43,147.71,3.1,0.27,844,-27.72,0.6416873017941701,59.56,18.33711431529801
135,472.03,416.29,3.9,0.1,930,-55.73999999999995,1.5661775771256583,49.7,51.95074131668724
136,168.37,64.16,4.6,0.31,231,-104.21,0.1634608035464064,84.69,7.846661156830265
137,264.21,513.7,1.3,0.37,866,249.49000000000007,1.01048448964337,51.34,64.14153385911621
138,354.48,307.18,3.9,0.37,705,-47.30000000000001,3.3767175992085305,78.95,38.30977067558039
139,188.18,298.74,1.7,0.26,947,110.56,1.6804860212634305,43.53,37.25832819243982
140,486.17,363.6,4.4,0.03,365,-122.57,4.062569832402235,53.35,45.370112058640814
141,481.6,498.31,4.3,0.19,743,16.70999999999998,1.4552596226855907,64.57,62.195528420357284
142,133.37,221.73,3.2,0.46,79,88.35999999999999,1.2396153631128752,87.21,27.575002758956046
143,253.65,413.25,3.8,0.29,645,159.6,2.181084076634824,70.55,51.54896869006642
144,157.43,348.12,2.3,0.27,727,190.69,6.575746127691727,52.73,43.467925685814976
145,149.57,174.88,2.9,0.13,845,25.31,0.8651429702186604,43.55,21.73719028800255
146,28.07,529.61,4.3,0.18,842,501.54,1.111598522374276,62.58,66.05952232413468
147,308.69,482.51,2.8,0.45,145,173.82,3.4541484716157207,81.55,60.23263984041586
148,256.31,401.9,2.4,0.33,430,145.58999999999995,1.0386891685834647,62.7,50.1345284852509
149,35.22,513.34,3.0,0.39,827,478.12,1.4589739945999716,70.73,64.04959977705704
150,146.54,523.03,4.3,0.23,493,376.49,1.0965909090909092,71.07,65.24109430280618
151,455.05,430.85,2.3,0.32,347,-24.19999999999999,5.023318176518597,61.53,53.81827551951327
152,127.39,505.47,1.7,0.12,857,378.08,0.9395178528280144,30.43,63.09070998010257
153,81.0,424.53,3.8,0.35,786,343.53,1.2994092620366686,75.14,52.93475375898621
154,249.83,414.48,4.3,0.21,894,164.65,0.7569304941743672,65.06,51.68494214067723
155,492.97,378.79,1.4,0.22,410,-114.18,0.7535710022679346,41.9,47.28213738625503
156,128.61,456.58,2.0,0.32,423,327.97,3.419818740169276,57.77,56.98983529203177
157,339.35,111.99,1.6,0.47,603,-227.36,2.4859045504994453,66.97,13.925960667549305
158,383.19,530.91,2.4,0.03,352,147.71999999999997,3.498122158529353,33.48,66.30391342418851
159,126.44,525.67,2.8,0.41,470,399.23,1.7684440706476028,74.3,65.59917344250132
160,366.83,36.96,4.0,0.15,295,-329.87,0.3460674157303371,62.05,4.4795876787345605
161,190.21,498.97,3.6,0.22,769,308.76,4.770723778563917,60.31,62.29446220840811
162,319.83,94.74,3.5,0.01,286,-225.09,0.3609280353537277,43.14,11.706992142767376
163,320.43,214.37,2.4,0.15,583,-106.06,6.5356707317073175,43.17,26.756185778547035
164,272.53,451.23,4.4,0.25,234,178.70000000000005,5.625607779578607,76.66,56.31826873794666
165,54.24,113.24,2.9,0.03,517,58.99999999999999,0.4768200766348056,36.83,14.007908065186896
166,419.3,494.42,4.9,0.25,803,75.12,10.137789624769326,75.97,61.78855393132261
167,167.18,502.64,3.5,0.46,412,335.46,2.211739857432016,86.88,62.7164345705217
168,101.39,314.33,1.5,0.05,332,212.94,1.170296734800253,26.68,39.18170627353839
169,29.98,23.7,3.7,0.38,602,-6.280000000000001,0.0924228834379752,78.98,2.794822631081928
170,299.54,186.48,2.3,0.2,385,-113.06000000000004,0.3884919064186162,49.15,23.19706340931353
171,342.01,377.82,3.7,0.33,211,35.81,1.2653895103489852,77.89,47.109838517222855
172,18.13,589.09,1.3,0.13,209,570.96,2.2198816746429517,33.91,73.53971762833415
173,260.93,386.45,1.7,0.08,523,125.51999999999998,1.6463596472542923,29.77,48.22285612510612
174,120.98,170.69,4.4,0.08,650,49.71,0.3772738324160643,55.5,21.17703653963001
175,326.13,387.72,1.9,0.04,371,61.59000000000003,0.7850807921273235,29.29,48.372610253375456
176,95.44,333.19,4.3,0.09,61,237.75,0.7066895732586748,61.39,41.48429671661589
177,348.56,472.31,2.1,0.33,473,123.75,1.2583189023577994,59.27,58.956277993311716
178,199.5,82.05,3.6,0.44,122,-117.45,0.9272234150751496,88.78,10.108209906264761
179,469.0,461.4,3.8,0.41,637,-7.600000000000023,2.828419052289585,82.63,57.5992501223703
180,77.39,333.93,3.1,0.34,907,256.54,8.424066599394552,65.93,41.69685887489386
181,177.12,578.54,2.2,0.06,250,401.42,1.1277802686212206,35.5,72.21259227194514
182,65.6,218.29,1.9,0.14,571,152.69,0.5923262692318129,37.29,27.16238218397517
183,463.1,386.92,1.1,0.15,913,-76.18,0.933912623702631,26.87,48.313853386512776
184,439.9,560.58,2.2,0.12,554,120.68000000000006,3.08536518245363,38.46,70.02315449102318
185,136.39,79.46,3.6,0.26,787,-56.92999999999999,0.1699970048350519,64.13,9.784934520025544
186,333.39,563.59,4.8,0.27,737,230.20000000000005,3.662291246994607,77.63,70.35815410142615
187,410.44,418.97,4.5,0.18,837,8.53000000000003,26.383501259445843,64.63,52.53647089655543
188,282.05,59.35,4.1,0.18,88,-222.7,0.2742859783713837,68.12,7.262996366800024
189,269.53,194.56,4.2,0.41,109,-74.96999999999997,0.6073167686352853,91.91,24.170490838143223
190,128.51,430.74,3.7,0.39,627,302.23,1.5888015934491535,79.73,53.71728072214876
191,55.62,59.06,2.0,0.15,370,3.440000000000005,0.1240209151424791,41.3,7.2403189423711325
192,449.64,357.66,4.6,0.46,484,-91.97999999999996,5.009945370500071,97.16,44.63340391839514
193,451.2,220.61,3.7,0.48,685,-230.59,0.7086733054930935,88.15,27.469343823392165
194,320.22,380.13,3.2,0.16,725,59.90999999999997,1.3133291873963515,50.75,47.41663970730136
195,176.12,46.53,1.4,0.18,457,-129.59,0.281063122923588,37.43,5.699502055280647
196,181.11,525.49,2.8,0.25,972,344.38,1.1552023566136869,53.28,65.58753433154659
197,365.72,584.62,2.8,0.47,435,218.9,1.3993824353112958,80.65,72.99077216438677
198,449.58,581.95,4.5,0.44,720,132.37000000000006,1.4295715829812323,91.8,72.646305754982
199,444.67,454.8,3.2,0.05,618,10.129999999999995,0.9401356044319498,40.82,56.75988929810446
200,392.14,95.45,2.5,0.2,127,-296.69,0.2376210510592745,53.73,11.814011689162797
201,324.6,459.79,4.9,0.28,243,135.19,3.3068901035673197,84.57,57.361437446110926
202,51.23,34.26,1.4,0.25,334,-16.97,0.087291072156543,45.66,4.147042117599256
203,89.2,32.83,2.7,0.1,576,-56.370000000000005,0.1827747466874512,41.24,3.9586833881649426
204,450.29,207.69,1.2,0.43,573,-242.6,1.436704482567792,59.27,25.898015132510835
205,307.15,303.41,4.0,0.34,662,-3.739999999999952,5.612467628560858,77.38,37.85499148987885
206,14.51,466.84,4.7,0.42,205,452.33,1.130199002566213,96.95,58.188617785525445
207,59.72,416.31,2.1,0.43,389,356.59000000000003,1.0529097852752978,70.11,51.9192721219426
208,335.12,278.62,4.4,0.37,174,-56.5,1.9836252313826,89.26,34.70140487115924
209,12.48,178.7,2.2,0.22,920,166.22,0.4296499326793613,44.8,22.208187251706562
210,88.8,598.33,4.6,0.31,329,509.53,1.1823768872025928,83.71,74.64269283115894
211,278.88,267.19,4.0,0.08,966,-11.689999999999998,3.670192307692308,48.34,33.30918499977743
212,349.03,281.8,4.2,0.34,955,-67.22999999999996,2.020651082747741,76.45,35.122204926736046
213,329.46,114.9,1.1,0.09,671,-214.56,0.2759432263022647,23.29,14.274225209344237
214,119.89,480.99,4.9,0.35,895,361.1,2.971642159891264,85.05,60.00199360747353
215,358.97,422.34,3.9,0.11,918,63.36999999999995,1.2094501718213058,50.82,52.69104489456014
216,126.25,148.05,2.2,0.06,707,21.80000000000001,2.534234851078398,30.93,18.405730904792478
217,169.45,67.78,4.3,0.08,777,-101.67,0.2638072626785506,53.23,8.317890509268764
218,375.78,414.69,2.1,0.0,959,38.910000000000025,1.0104285957944494,21.41,51.76316139420246
219,328.32,399.62,4.5,0.36,723,71.30000000000001,1.0453594224128913,83.77,49.831260169596675
220,426.12,178.49,1.5,0.37,177,-247.63,0.3957123220857536,60.23,22.2191879626821
221,332.23,571.5,3.8,0.26,363,239.27,1.1797126579142927,70.37,71.32707937666831
222,288.47,107.61,3.2,0.08,381,-180.86,0.2510439752712003,46.19,13.3185827855349
223,55.9,270.75,1.4,0.04,199,214.85,0.7233502538071066,26.01,33.721363205532356
224,190.18,567.3,2.0,0.01,503,377.12,17.744760713168596,25.97,70.99748775174858
225,139.95,263.44,1.0,0.08,85,123.49,0.8746057567809834,27.15,32.82150252591508
226,129.55,390.35,2.9,0.45,734,260.8,11.098947967017343,76.66,48.78506425633722
227,486.78,250.6,2.2,0.12,469,-236.18,0.5602253420370205,39.31,31.23975539069143
228,202.62,179.04,3.4,0.18,71,-23.580000000000013,0.9595369526769922,61.29,22.238197652143157
229,447.1,590.71,2.2,0.05,255,143.61,1.8699271921494147,34.45,73.7711759318305
230,319.26,257.41,2.2,0.11,688,-61.849999999999966,1.5648024316109423,36.12,32.089409824336215
231,399.46,538.58,4.0,0.26,897,139.12000000000006,1.2419979706669129,67.03,67.22799255802144
232,256.29,153.37,1.2,0.3,405,-102.92000000000002,0.3134605951602355,47.95,19.069275322000394
233,292.68,143.6,4.6,0.12,489,-149.08,0.629079598720813,63.11,17.803904908601368
234,251.33,38.06,4.4,0.03,778,-213.27,0.079847270591197,49.22,4.606967513910007
235,105.67,397.97,3.7,0.2,145,292.3,2.520552283235164,65.55,49.61624886195276
236,364.0,233.75,3.4,0.12,978,-130.25,0.7764748870581982,46.22,29.115295524093554
237,147.58,521.33,4.6,0.11,990,373.75,1.0988323075626003,57.1,65.03556176565206
238,21.91,294.46,1.7,0.48,213,272.54999999999995,1.5551095854238182,72.87,36.68702645093322
239,326.28,581.55,1.3,0.31,197,255.27,1.106849888658381,52.03,72.6173908305978
240,96.78,127.6,2.0,0.28,579,30.819999999999997,1.590824086772223,52.21,15.83550065956048
241,470.82,523.8,4.2,0.21,343,52.97999999999996,21.138014527845037,69.57,65.58693943100633
242,477.43,470.43,1.1,0.21,244,-7.0,0.9432936977401696,39.56,58.74177054972694
243,458.28,467.13,3.3,0.27,712,8.850000000000023,9.030156582254012,62.88,58.39126498949106
244,191.38,509.97,5.0,0.35,529,318.59000000000003,0.9345929699813073,89.71,63.60104690681515
245,17.57,461.39,4.4,0.35,926,443.82,0.8805152671755725,79.74,57.52625001341079
246,464.88,383.21,3.1,0.09,172,-81.67000000000002,4.339372664477409,48.28,47.83859763348344
247,219.81,96.12,1.3,0.25,449,-123.69,0.3176365619113711,43.51,11.906518776288038
248,483.66,38.87,4.3,0.21,748,-444.79,0.3411744053366101,66.52,4.736655103451696
249,482.17,554.09,3.4,0.44,501,71.92000000000002,2.27030238465951,82.99,69.1873868247535
250,427.97,377.66,1.5,0.32,710,-50.31,7.890931884663603,49.9,47.216629824347955
251,154.28,481.99,1.4,0.27,153,327.71000000000004,3.575593471810089,49.47,60.17452083244451
252,198.7,299.28,4.6,0.06,804,100.57999999999998,1.4295677095772628,53.96,37.275716413475784
253,427.06,88.04,3.7,0.3,511,-339.02,0.3526113425184236,71.89,10.88267575789024
254,165.29,92.61,4.3,0.06,792,-72.67999999999999,0.1721503457506134,51.08,11.421481744106956
255,93.05,417.63,4.5,0.17,767,324.58,0.9338565774468373,64.33,52.05796938370685
256,282.83,269.58,3.3,0.07,759,-13.25,0.6582989426387634,42.41,33.581927883670375
257,468.72,136.3,3.1,0.35,445,-332.42,0.4508467848637206,71.55,16.930289458645504
258,351.05,305.12,2.7,0.1,961,-45.93000000000001,0.6570198105081826,37.39,38.04705507213744
259,289.33,57.24,2.3,0.2,386,-232.09,0.2912384247481429,49.14,7.035124148760616
260,57.62,357.54,2.7,0.45,648,299.92,0.9068634910972456,75.52,44.56569949816687
261,311.35,176.02,4.1,0.1,191,-135.33,0.3219858415497467,59.09,21.857134160071638
262,495.13,482.58,3.4,0.25,366,-12.550000000000011,2.6323024054982813,65.34,60.248127922320286
263,78.64,200.01,4.6,0.21,760,121.37,0.5325079872204472,69.4,24.83974634771593
264,263.98,284.03,2.8,0.01,607,20.049999999999955,0.608579203359688,32.93,35.39043059166757
265,439.91,26.74,3.4,0.4,849,-413.17,0.0529546894803548,75.51,3.228554339480027
266,372.98,62.02,3.5,0.03,576,-310.96000000000004,0.1554035430604625,42.24,7.625952071063992
267,351.54,247.65,3.4,0.24,605,-103.89,1.4853355724824568,61.95,30.85097735047792
268,354.22,298.36,3.8,0.28,450,-55.860000000000014,1.5739607512133362,71.5,37.18301940983866
269,186.15,368.01,1.9,0.31,730,181.86,14.094599770202988,52.7,46.045687350202705
270,153.86,189.16,3.0,0.34,359,35.29999999999998,0.4481721041533394,70.41,23.50578734169379
271,406.59,423.09,1.4,0.13,544,16.5,11.172167942962767,31.56,52.9280256741821
272,406.96,518.87,2.5,0.0,605,111.91000000000004,1.0864339705605226,28.95,64.77921296260598
273,434.87,472.31,3.0,0.36,659,37.44,6.01822120285423,69.41,59.00729740337754
274,457.49,42.98,3.6,0.27,822,-414.51,0.4018700327255726,64.78,5.261065162000477
275,260.56,298.69,4.8,0.42,158,38.13,1.1065051492924354,98.42,37.18686402949715
276,255.74,80.86,3.4,0.41,844,-174.88,0.1973302096297923,76.56,9.977423871895994
277,401.16,160.39,4.0,0.42,421,-240.77000000000004,1.794673827906456,87.79,19.935208778445244
278,328.48,592.26,3.0,0.24,904,263.78,2.36487781504552,54.96,73.96035388767397
279,353.96,102.65,3.5,0.17,665,-251.31,0.3755533604068343,55.35,12.708647023032057
280,399.94,309.36,1.3,0.4,817,-90.57999999999998,2.4061600684452054,54.83,38.61982045712119
281,446.1,378.53,2.0,0.23,940,-67.57000000000005,4.927492840406145,43.6,47.29281709588725
282,175.62,427.43,2.4,0.09,255,251.81,0.9241929555233628,40.45,53.31283687530378
283,194.04,344.6,2.9,0.43,896,150.56000000000003,1.2141498132619266,73.04,42.96821553579311
284,56.05,25.67,1.2,0.44,92,-30.379999999999995,1.131335390039665,65.08,3.0822685454854053
285,293.36,209.35,1.6,0.23,914,-84.01000000000002,0.4708832857239254,39.86,26.08012866666175
286,27.61,320.27,2.1,0.04,294,292.66,0.5934002816275105,32.06,39.90009292789912
287,238.14,70.96,4.9,0.19,336,-167.18,0.2092166170357048,74.64,8.70260442206083
288,275.9,223.36,2.3,0.4,404,-52.53999999999997,0.7851518560179978,68.96,27.810657022275564
289,150.41,39.26,2.9,0.45,834,-111.15,0.080956799670069,75.66,4.770964786440146
290,299.51,65.58,1.8,0.1,525,-233.93,0.1250095310712924,32.75,8.088251722069018
291,24.95,250.22,3.4,0.03,132,225.27,0.5976402025413203,45.68,31.116953921879244
292,28.3,96.98,2.1,0.44,159,68.68,0.3828359387336176,73.41,11.975151952185541
293,413.07,349.17,1.8,0.19,999,-63.89999999999998,1.0522239633558343,37.01,43.580740587384454
294,186.49,419.89,3.1,0.27,239,233.4,1.0766410256410257,65.61,52.361573590111355
295,72.26,484.34,1.0,0.48,849,412.08,4.072137212039684,59.51,60.487441603850115
296,265.9,136.09,1.0,0.03,985,-129.80999999999997,0.5352605703048181,13.15,16.928680787622724
297,387.3,117.14,1.9,0.32,958,-270.16,0.2552347750299596,51.42,14.554443820509448
298,115.75,80.65,1.1,0.04,300,-35.099999999999994,0.2207895313184406,22.0,9.959724014633679
299,315.22,389.13,1.4,0.19,773,73.90999999999997,1.6559428060768542,35.27,48.57433120187413
300,51.82,429.76,2.4,0.4,340,377.94,1.161827520951609,70.6,53.59554578500798
301,35.32,38.32,4.2,0.22,694,3.0,0.4897124600638978,67.06,4.6220884614484845
302,270.36,563.0,3.3,0.5,250,292.64,2.4499564838990424,90.5,70.27659101437335
303,274.91,50.14,3.1,0.28,846,-224.77000000000004,0.1141309296185013,60.54,6.142142673529662
304,322.34,333.95,2.2,0.16,375,11.610000000000014,2.511468752350154,44.25,41.663055997121646
305,365.78,431.26,4.7,0.11,560,65.48000000000002,3.766791859551053,62.4,53.813985430267564
306,488.17,525.16,2.6,0.18,458,36.98999999999995,1.0028070041436723,49.42,65.56844840376186
307,262.99,434.17,1.3,0.19,656,171.18,3.4106048703849177,35.44,54.21828785325268
308,168.25,485.0,3.5,0.03,839,316.75,3.137331004592794,39.61,60.53086172289861
309,399.64,216.88,1.5,0.18,990,-182.76,0.4063401656237119,33.1,27.035599009361817
310,142.71,492.6,2.4,0.23,886,349.89,1.2071458328228002,48.14,61.47576750342473
311,225.1,66.47,3.0,0.36,557,-158.63,0.1707511302918208,70.43,8.174144315056893
312,48.44,538.99,4.5,0.33,780,490.55,1.1435754901128743,80.2,67.23032153234686
313,22.42,337.6,3.0,0.35,650,315.18,4.3861244640769135,68.5,42.101752590979864
314,481.7,494.03,3.8,0.0,121,12.329999999999984,1.2580661590567623,46.79,61.65156294170538
315,419.63,282.34,5.0,0.11,296,-137.29000000000002,0.9925123914648292,68.04,35.158297095885274
316,351.03,393.28,1.5,0.33,690,42.25,0.8575665067597034,51.1,49.08490797849142
317,210.39,325.31,2.1,0.24,773,114.92000000000002,1.1340375095865578,47.27,40.56673034327923
318,94.91,444.32,2.6,0.0,989,349.41,1.2810887178156445,26.11,55.433965070706236
319,86.65,67.35,2.7,0.4,904,-19.30000000000001,0.2489005506485827,67.96,8.283045642332638
320,132.62,55.0,2.6,0.39,657,-77.62,0.2030869212022746,68.43,6.73903916488068
321,279.12,163.32,4.6,0.27,636,-115.8,0.3835063166298783,76.64,20.26895801578584
322,360.15,112.54,3.9,0.03,984,-247.61,0.3203712138465042,42.16,13.946520871777437
323,333.5,525.63,3.4,0.38,615,192.13,1.4856698699830413,75.85,65.60716518602953
324,147.17,147.14,2.2,0.29,393,-0.0300000000000011,0.5749902305588119,57.07,18.265644719675706
325,477.88,586.0,4.3,0.39,974,108.12,1.958948987096343,82.26,73.17048206334445
326,371.57,215.4,4.8,0.38,103,-156.17,0.5203401294811093,94.97,26.77669171440253
327,281.63,125.63,4.3,0.4,779,-156.0,0.2749737348975661,85.21,15.563396534283143
328,309.74,478.03,1.0,0.26,577,168.28999999999996,1.233116648609606,40.23,59.686659140112944
329,215.6,402.05,3.5,0.07,660,186.45,0.7892928658368998,45.4,50.134463557173106
330,131.39,308.95,1.2,0.34,581,177.56,0.680701522462379,50.19,38.51736402547645
331,184.43,342.11,2.0,0.31,607,157.68,1.083998732572877,54.93,42.66174615785726
332,381.34,437.14,1.2,0.37,242,55.80000000000001,1.1681988241582042,56.58,54.569879756245115
333,17.05,152.5,3.4,0.08,944,135.45,0.2986857825567503,42.56,18.913132023935574
334,66.88,597.87,3.7,0.1,107,530.99,1.7267003610108302,55.93,74.59760379878995
335,32.54,585.38,1.5,0.45,486,552.84,1.2829684178227805,65.14,73.07054199666577
336,29.96,397.19,2.5,0.37,160,367.23,1.0356705170660478,70.4,49.51363959065673
337,429.18,135.73,2.8,0.45,178,-293.45000000000005,0.4374295014341421,81.22,16.853124526643555
338,354.79,414.53,2.5,0.38,898,59.73999999999995,2.8711040310292284,64.02,51.75340378032298
339,242.35,61.88,1.5,0.3,755,-180.47,0.2547445555967231,47.45,7.6309631247965655
340,57.94,37.78,2.7,0.33,974,-20.16,0.0709163944888688,60.26,4.582341253456661
341,250.89,169.46,4.0,0.44,901,-81.42999999999998,0.4618697192695558,84.99,21.050051087540893
342,242.0,288.32,1.3,0.29,375,46.31999999999999,0.9096702949992111,48.25,35.94573919490194
343,94.87,523.6,1.3,0.32,57,428.73,1.01841946589384,54.43,65.34263790211597
344,222.59,441.76,2.4,0.08,78,219.17,1.343634041000061,41.22,55.1100405690457
345,205.27,450.77,4.8,0.24,161,245.5,1.5205599595209984,80.39,56.201213211313416
346,311.77,266.79,3.7,0.36,996,-44.97999999999996,0.633359447332811,73.04,33.23515836656519
347,321.2,220.64,3.7,0.14,722,-100.56,0.5567780357323104,53.78,27.458486342905175
348,32.2,235.2,2.4,0.1,180,203.0,1.9874936623288828,42.2,29.271418663689886
349,193.56,592.84,3.4,0.16,237,399.28,2.2191278308066638,57.63,73.9951792115835
350,316.67,43.26,1.0,0.12,724,-273.41,0.1615384615384615,24.76,5.316744189031141
351,256.54,522.88,3.5,0.11,758,266.34,2.405705083965953,48.42,65.2668610087654
352,429.68,355.63,4.7,0.21,524,-74.05000000000001,1.2189545844044558,72.76,44.335785939004644
353,332.76,274.4,3.5,0.45,413,-58.360000000000014,1.162662599042413,85.87,34.18420035136549
354,89.84,440.65,4.5,0.25,253,350.80999999999995,3.6222770242498967,77.47,54.95312739467931
355,44.58,302.27,3.9,0.09,261,257.69,1.2828707240471946,55.39,37.62986134255678
356,324.79,526.59,1.5,0.04,670,201.8,9.81162660704304,22.3,65.84732958936428
357,22.99,542.41,4.6,0.35,325,519.42,1.6790280142392815,87.75,67.64888674760434
358,297.03,264.6,1.3,0.19,122,-32.42999999999995,0.560937864365818,40.78,32.97604597031987
359,470.71,180.56,3.1,0.41,728,-290.15,0.4480063518844751,74.72,22.471209186900268
360,291.98,363.56,1.6,0.33,821,71.57999999999998,1.749482700543766,50.79,45.37366333600891
361,200.2,549.17,1.0,0.4,292,348.97,8.917992854822995,57.08,68.64672661146736
362,325.21,142.18,2.7,0.14,836,-183.03,1.154526999593991,42.64,17.67320048482179
363,234.54,381.32,2.2,0.35,151,146.78,1.2427323686611915,65.49,47.5577755460315
364,277.35,386.3,2.9,0.13,734,108.95,3.0712354905390367,44.66,48.207478716998935
365,471.32,445.21,3.3,0.47,220,-26.110000000000014,1.454792013854851,87.8,55.55835582987195
366,199.19,96.31,1.2,0.32,702,-102.88,0.6933266143546182,46.98,11.939596792756305
367,480.98,435.18,1.5,0.16,958,-45.80000000000001,0.927552912590319,31.42,54.34479964294257
368,453.62,547.24,3.2,0.13,237,93.62,2.405027687439571,52.63,68.3262807115767
369,105.94,124.22,2.4,0.1,490,18.28,0.848671175787388,39.1,15.397509855567549
370,43.99,157.78,3.9,0.35,135,113.79,0.3509419693498521,82.65,19.550127097340294
371,59.38,583.41,3.6,0.11,525,524.03,2.9402781977623222,51.75,72.81319569629977
372,18.93,124.97,4.4,0.3,101,106.04,1.6740790354989952,82.99,15.4507268324178
373,56.28,515.54,3.8,0.13,160,459.26,1.6102070774900832,59.4,64.30056632999589
374,344.67,305.52,2.7,0.33,998,-39.150000000000034,0.9367756178328324,60.02,38.10027647936065
375,44.88,163.39,3.7,0.41,926,118.51,0.4111888463861485,78.74,20.273864697518746
376,166.3,525.03,2.1,0.39,903,358.73,3.6582357859531767,60.97,65.56484563588427
377,423.99,278.28,2.2,0.38,92,-145.71000000000004,1.102448300451628,69.08,34.691195673097496
378,21.4,318.59,4.2,0.09,260,297.19,1.9184079002830128,58.4,39.67018487254318
379,409.09,228.36,2.8,0.04,249,-180.73,3.916309380895216,39.51,28.472522282096676
380,148.11,363.91,4.2,0.35,859,215.8,0.7518957003243869,78.41,45.35166789551845
381,67.9,114.84,4.3,0.18,907,46.94,0.2835905667366342,61.93,14.19457968823474
382,351.4,246.83,4.4,0.22,801,-104.56999999999996,1.4002155661447695,67.99,30.7364839797185
383,318.18,582.26,4.7,0.02,676,264.08,1.7346719895131977,52.24,72.67025589449811
384,439.96,169.72,2.7,0.13,75,-270.24,1.3834365829801107,49.25,21.113700800394838
385,370.18,400.91,2.3,0.02,968,30.730000000000015,0.8160519459371439,25.32,50.034537859831694
386,403.71,208.61,3.3,0.44,348,-195.1,2.727997907676213,83.52,25.984097829927208
387,148.2,468.61,2.5,0.12,126,320.41,27.484457478005865,45.74,58.741968217155126
388,96.95,95.91,3.4,0.28,973,-1.0400000000000065,0.338223366364566,62.27,11.846870804641568
389,377.8,582.5,3.8,0.02,186,204.7,1.7815090069425328,48.14,72.7097392440219
390,405.35,283.2,3.8,0.33,69,-122.15000000000003,0.872055427251732,80.31,35.27642363338762
391,495.35,156.91,2.5,0.16,489,-338.44000000000005,3.553215579710145,46.11,19.554114582078398
392,212.18,62.63,1.7,0.45,260,-149.55,0.3422217365171302,69.4,7.707833118460201
393,192.29,118.46,2.7,0.44,801,-73.83,0.4199666749388449,72.99,14.68439719398134
394,390.44,321.47,1.6,0.16,600,-68.96999999999997,2.456407121571025,36.0,40.1238321231683
395,176.99,215.46,4.6,0.45,484,38.47,0.4471516031960154,96.16,26.774683217255244
396,466.07,500.75,2.4,0.5,829,34.68000000000001,8.129058441558442,75.71,62.6028415575514
397,430.62,269.91,1.6,0.41,256,-160.70999999999998,0.9788213961922032,64.44,33.65717129749673
398,220.21,164.25,1.1,0.42,488,-55.96000000000001,0.4267231300823569,58.12,20.43055715906476
399,377.93,377.94,3.6,0.12,828,0.0099999999999909,2.4376934984520124,49.72,47.15728533178191
400,379.73,429.93,3.5,0.29,715,50.19999999999999,1.231997019801129,66.85,53.64403730259004
401,60.53,116.88,2.4,0.03,91,56.35,0.2547959539588419,36.09,14.459186736668087
402,452.25,117.22,1.3,0.05,460,-335.03,1.0033381836856972,23.4,14.577223891876159
403,257.57,41.27,2.6,0.5,572,-216.3,0.0816080362262957,80.28,5.032275686559345
404,414.96,447.11,2.2,0.16,855,32.150000000000034,1.4369596657560664,39.45,55.821674849248225
405,166.82,405.01,3.7,0.37,659,238.19,2.3131532354788966,77.41,50.51273504919419
406,448.81,295.29,3.4,0.4,476,-153.51999999999998,1.2027615983055682,79.24,36.81203921049434
407,200.71,509.62,2.5,0.43,324,308.91,2.7998022195363146,74.76,63.612671554279565
408,15.31,487.29,1.9,0.5,497,471.98,1.2093663911845731,74.03,60.79702021590622
409,453.64,359.51,5.0,0.12,951,-94.13,0.815178449956918,62.49,44.82437414222319
410,54.73,523.6,2.8,0.02,991,468.87,1.1367287568928834,30.09,65.3380135407536
411,166.46,139.39,3.8,0.21,933,-27.07000000000002,0.2569922011836501,59.67,17.282844682091522
412,475.53,84.91,1.6,0.07,791,-390.62,0.1937080804854679,25.09,10.534007575059263
413,475.8,176.45,2.9,0.01,418,-299.35,0.5239947734156916,35.82,21.954579932645345
414,290.98,53.11,1.1,0.18,987,-237.87,0.2703074104234528,29.13,6.55136830642509
415,319.6,328.08,3.0,0.39,269,8.479999999999961,1.070896983940462,76.31,40.89825354492932
416,229.74,563.23,4.9,0.28,626,333.49,15.234784960779011,80.74,70.4232668434911
417,153.67,42.82,2.5,0.16,916,-110.85,0.1035600270871626,41.84,5.224840385936687
418,171.05,90.82,1.2,0.33,281,-80.23000000000002,0.3581371505185535,52.19,11.236717296428793
419,339.53,282.28,1.1,0.12,377,-57.25,10.979385453131076,29.23,35.3130871705081
420,378.66,561.65,2.6,0.01,492,182.98999999999995,11.594756399669697,32.08,70.23488471793257
421,397.87,203.37,1.6,0.38,101,-194.5,0.9148859597822664,62.99,25.329403260365936
422,396.91,314.2,1.1,0.31,935,-82.71000000000004,0.9604744291260356,42.65,39.21489279622715
423,54.69,44.11,4.0,0.38,992,-10.579999999999998,0.1674957281184735,78.08,5.354678824669222
424,252.27,106.04,2.8,0.02,425,-146.23000000000002,0.3062350189158749,35.75,13.126281346286888
425,38.2,592.25,2.2,0.42,312,554.05,2.1777099573466687,70.88,73.9248754188284
426,279.27,579.77,4.6,0.31,316,300.5,1.57114983333785,83.84,72.34617400756542
427,226.35,22.87,1.5,0.28,408,-203.48,0.1729562126597595,48.92,2.742591477712793
428,444.98,572.05,4.8,0.31,366,127.06999999999994,7.589889876608729,85.34,71.46173097414687
429,181.95,390.69,2.3,0.43,373,208.74,1.1694154269807535,72.27,48.72659301935761
430,67.36,523.39,4.6,0.29,970,456.03,1.9080237687288104,75.3,65.29289457355115
431,80.07,283.75,3.4,0.29,957,203.68,9.661218930881851,63.43,35.4326545470859
432,383.14,319.05,4.3,0.5,715,-64.08999999999997,1.4597822108345535,95.85,39.77025221582072
433,312.93,303.53,4.9,0.38,919,-9.400000000000034,4.228615213151295,87.81,37.84757915069382
434,59.55,406.78,2.2,0.22,927,347.23,1.3591954022988506,44.73,50.74193495685286
435,51.21,101.0,4.8,0.35,701,49.79,0.44544412101967,85.99,12.45144548856912
436,353.47,37.38,2.6,0.19,988,-316.09000000000003,0.1089668843283582,45.12,4.566072354109153
437,45.65,198.6,2.5,0.11,612,152.95,0.4452914798206278,39.88,24.688283963715904
438,412.71,428.71,2.4,0.3,678,16.0,2.445300022815424,57.22,53.524424767125474
439,356.06,137.08,3.2,0.46,470,-218.98,0.2587782224571471,83.3,17.012771959387095
440,49.86,410.59,1.6,0.46,95,360.73,1.361553256400053,71.05,51.207301036718725
441,51.57,582.55,3.2,0.17,870,530.9799999999999,1.6846930217762224,50.3,72.70550421688078
442,493.45,74.46,3.2,0.26,649,-418.99,0.196381474839118,61.51,9.201050039326745
443,193.39,410.11,4.0,0.11,769,216.72000000000003,1.1033360236750067,53.31,51.13804317045501
444,191.61,277.38,4.3,0.5,938,85.76999999999998,0.961889239518674,93.62,34.53936787145106
445,408.27,523.52,2.8,0.49,318,115.25,2.142149842464913,83.82,65.36083744423172
446,474.15,122.75,2.2,0.32,650,-351.4,2.8044322595384963,57.5,15.280898183158001
447,493.14,421.72,2.0,0.4,430,-71.41999999999996,15.724086502609993,65.7,52.803205205501946
448,379.16,506.11,1.8,0.36,167,126.95,2.450777202072539,62.33,63.19625895895381
449,194.37,567.88,1.2,0.3,615,373.51,2.934628701359103,45.85,70.92517481102327
450,50.92,416.28,2.4,0.03,165,365.36,1.87159428108983,35.35,51.913565810796754
451,390.8,308.36,2.1,0.23,679,-82.44,3.463551611816242,47.21,38.48957859752383
452,283.62,378.35,4.9,0.34,309,94.73000000000002,0.9229849726775956,89.91,47.14976167037044
453,217.87,523.96,3.2,0.34,124,306.09000000000003,1.106614851736082,74.76,65.37363325689581
454,454.11,350.95,2.4,0.19,529,-103.16000000000004,0.6785444983662341,47.71,43.783332543436124
455,64.49,37.62,3.3,0.47,354,-26.87,0.1351244567364677,86.46,4.539936922636173
456,251.39,559.95,1.6,0.08,56,308.56000000000006,1.4359165042568471,33.44,69.9042245128194
457,15.56,419.93,2.8,0.25,415,404.37,0.8883271281096632,58.85,52.35512283681469
458,239.64,412.38,3.5,0.35,683,172.74,1.726956740232003,73.17,51.43933874258003
459,37.59,145.09,3.0,0.35,572,107.5,0.8036446216904841,69.28,17.991828125933466
460,68.22,402.15,2.6,0.32,397,333.92999999999995,0.7791339726823597,64.03,50.13907772151746
461,67.59,248.44,5.0,0.14,487,180.85,0.8540685482484789,69.13,30.885019753918897
462,328.11,397.72,4.5,0.08,264,69.61000000000001,1.4152225741024091,60.36,49.58699202031263
463,375.56,81.82,3.5,0.32,478,-293.74,0.7407876867360796,72.22,10.106015858172057
464,295.85,401.55,3.3,0.3,840,105.7,5.511254460609388,64.6,50.138913224008554
465,481.46,599.66,3.5,0.09,547,118.2,1.2881232144007906,48.53,74.87414715348409
466,193.69,47.96,1.8,0.35,589,-145.73,0.1395971591570613,57.11,5.875476723301745
467,150.0,586.76,2.6,0.23,796,436.76,3.0993027678005496,51.04,73.26533093091594
468,435.61,256.01,1.2,0.33,416,-179.60000000000002,2.177326075863242,50.84,31.942622458332636
469,119.56,525.04,2.9,0.42,362,405.48,1.6817963419712354,77.38,65.5146562651388
470,481.98,473.78,3.2,0.08,587,-8.200000000000045,1.4470983506414172,44.13,59.14183430026975
471,15.96,348.87,1.9,0.01,970,332.91,2.774534754254812,20.3,43.51739231483229
472,485.24,448.3,4.9,0.39,103,-36.94,0.9528161530286928,96.97,55.91310188671176
473,31.15,529.54,4.6,0.3,590,498.39,8.813914780292942,80.1,66.12394633950314
474,446.66,254.4,3.9,0.35,516,-192.26,1.2378959661330349,78.84,31.69255235332632
475,268.57,209.68,3.1,0.42,914,-58.88999999999999,0.5532307854674019,73.86,26.09625623700707
476,496.55,407.2,4.5,0.4,213,-89.35000000000002,2.519022579647386,92.87,50.801025682365534
477,46.16,488.55,1.5,0.48,831,442.39,1.0671457591577291,64.69,60.97032185186421
478,281.39,462.13,4.2,0.27,383,180.74,1.1248691672954751,75.17,57.639973829926134
479,484.96,482.73,1.5,0.24,596,-2.2299999999999613,1.1043167936311853,43.04,60.284232377412195
480,266.32,272.64,4.2,0.2,847,6.319999999999993,3.463414634146341,63.53,33.98117222347362
481,318.41,494.34,2.1,0.08,397,175.92999999999995,5.481095465129172,35.03,61.75159925852167
482,350.92,89.72,4.5,0.29,322,-261.20000000000005,0.5332223939141805,80.78,11.069720819764541
483,232.73,335.8,4.8,0.14,769,103.07000000000002,1.149330869014615,64.31,41.838731639363836
484,317.5,23.34,1.6,0.46,799,-294.16,0.0562152267636503,64.01,2.8173335915680298
485,296.31,208.26,2.9,0.29,463,-88.05000000000001,0.4502529510961214,63.37,25.913161367663363
486,451.57,232.55,4.9,0.3,549,-219.02,0.5935123270889695,83.51,28.939212198500684
487,32.27,249.78,2.9,0.18,142,217.51,0.488042203985932,55.58,31.069554084241688
488,147.67,423.37,4.5,0.03,734,275.70000000000005,1.032030811983521,50.66,52.78179324330001
489,475.7,245.36,3.4,0.02,128,-230.34,1.3718758736371262,44.72,30.565524927665408
490,446.23,280.24,2.5,0.21,671,-165.99,1.7870169621221783,49.29,34.95485332650378
491,233.27,157.78,2.1,0.04,266,-75.49000000000001,0.4072162287720023,32.34,19.601994627395513
492,313.86,236.49,1.8,0.3,996,-77.37,2.0009307047973603,48.04,29.49117858552161
493,145.92,151.82,4.0,0.44,407,5.900000000000006,2.35015479876161,89.93,18.842167907672433
494,102.18,62.45,2.5,0.44,667,-39.73,0.2083472342697004,72.33,7.669175828716007
495,237.21,370.0,3.0,0.33,556,132.79,0.8139381407013068,67.44,46.134951748403985
496,183.14,407.56,3.0,0.11,608,224.42,5.886192952050839,44.92,50.8817340870785
497,295.99,379.3,3.3,0.43,230,83.31,0.8646787945105548,83.7,47.292334341625946
498,48.09,288.83,4.5,0.44,625,240.74,0.6430018477704312,92.75,35.94191782766905
499,487.45,240.28,4.9,0.1,295,-247.17,0.8800820452714088,66.05,29.90676247411392
500,493.24,520.73,2.6,0.37,293,27.49000000000001,11.404511607533948,70.07,65.1238491708288
501,352.1,321.07,4.3,0.14,555,-31.03000000000003,2.961627156166405,61.45,40.03206864192196
502,272.69,297.93,4.1,0.4,471,25.24000000000001,0.7571860624698198,86.29,37.10754405179056
503,161.67,34.87,3.3,0.5,369,-126.79999999999998,0.0881000505305709,89.31,4.206264217104618
504,408.76,217.92,4.8,0.02,136,-190.84,0.4396916992857431,58.64,27.095645872805193
505,345.52,240.51,1.8,0.45,266,-105.01,0.7360898573789557,70.34,29.966504865593606
506,89.68,251.32,1.4,0.31,539,161.64,3.087469287469287,49.61,31.328988795771906
507,456.35,356.5,4.4,0.49,568,-99.85000000000002,4.45847923961981,97.32,44.4881765449917
508,413.04,329.49,2.8,0.23,327,-83.55000000000001,0.8220603278361318,57.73,41.08627616017781
509,475.4,372.58,4.4,0.42,898,-102.82,3.287857394987645,87.02,46.495813021411806
510,365.6,463.63,4.6,0.03,771,98.02999999999996,2.4313283339451464,51.29,57.853437708086176
511,310.57,491.53,1.2,0.17,218,180.96,1.7831023724878472,36.82,61.369232564560484
512,214.94,436.51,4.5,0.03,379,221.57,15.451681415929205,54.21,54.579802410326586
513,467.04,574.2,2.8,0.49,699,107.16000000000004,3.876586551444775,80.01,71.73163120269122
514,434.37,30.57,3.0,0.41,490,-403.8,0.1310779521481862,76.1,3.705581688210671
515,32.16,133.55,3.5,0.43,440,101.39,0.8113115849583865,83.6,16.53753316356591
516,22.92,24.39,4.7,0.47,545,1.4699999999999989,0.2772851296043656,98.55,2.8654301750925413
517,194.47,395.54,1.1,0.04,430,201.07,0.977873371405968,20.7,49.35232532775423
518,407.17,540.86,2.9,0.19,355,133.69,1.2018309890451748,54.45,67.51799537303916
519,493.77,161.22,3.8,0.04,791,-332.54999999999995,1.0554500818330603,44.09,20.052580084463273
520,83.7,557.68,3.9,0.11,869,473.98,1.2990146980037731,51.31,69.58413436778007
521,301.12,54.96,3.8,0.11,722,-246.16,0.2483843268405116,51.78,6.735269282944188
522,196.64,561.97,1.5,0.23,562,365.33,1.9643805928411635,42.38,70.17003145849137
523,485.26,223.94,2.2,0.13,797,-261.32,0.4734861299052774,37.03,27.912795250709294
524,422.64,78.82,2.4,0.05,998,-343.82,0.1893664560459361,29.02,9.759203235299779
525,420.78,301.81,4.2,0.08,237,-118.96999999999996,0.6770987571229865,57.63,37.60057981008026
526,239.66,168.93,2.1,0.07,979,-70.72999999999999,1.9150889921777576,28.21,21.029764912023126
527,213.26,185.23,1.8,0.49,565,-28.03,3.5416826003824093,71.35,23.077705405551995
528,143.97,198.23,4.8,0.38,962,54.25999999999999,0.402113718887559,86.38,24.624300572088828
529,37.62,485.76,1.0,0.48,693,448.14,2.183289136590409,61.07,60.63722594032058
530,433.71,332.71,5.0,0.22,476,-101.0,1.968465270382203,77.24,41.472679997082864
531,408.32,200.56,3.7,0.14,551,-207.76,0.4980258746989149,55.49,24.952390013020334
532,499.86,373.99,4.3,0.4,779,-125.87,0.80866199619443,85.21,46.64666448640665
533,498.35,435.37,2.2,0.16,309,-62.98000000000002,0.913817349873014,44.91,54.34423473130376
534,282.16,178.12,1.1,0.15,562,-104.04000000000002,0.967727914810388,30.38,22.179002829865425
535,386.8,259.86,4.0,0.12,120,-126.94,0.5518017539761748,60.8,32.35068524142754
536,472.94,90.69,4.3,0.06,527,-382.25,2.457723577235772,53.73,11.232723099590146
537,426.33,125.07,4.0,0.13,227,-301.26,3.008660091412076,60.73,15.530203002179988
538,131.2,415.05,1.6,0.18,506,283.85,1.1906879339032648,38.94,51.78134677274499
539,230.77,125.23,4.0,0.34,238,-105.54,2.568293683347006,81.62,15.52488379689683
540,73.29,324.59,4.1,0.03,340,251.29999999999995,1.7204113001537076,50.6,40.42720910614881
541,477.49,431.25,3.6,0.11,569,-46.24000000000001,1.1502453856822787,51.31,53.813649705068435
542,307.03,81.99,4.1,0.4,814,-225.04,0.4195149406467457,82.86,10.114968339721983
543,122.03,349.04,4.4,0.07,969,227.01,3.141956971824647,51.31,43.51491470540071
544,339.13,168.81,3.5,0.17,341,-170.32,1.0198767520541323,58.59,20.978971553459374
545,312.88,578.5,1.4,0.43,995,265.62,2.22671285604311,57.05,72.26374222071198
546,185.5,300.46,3.0,0.08,805,114.95999999999998,1.1155831136523966,39.95,37.44342251134721
547,65.64,487.48,1.3,0.04,684,421.84,1.1234587817750223,20.16,60.83891973597746
548,339.07,339.13,2.6,0.24,860,0.0600000000000022,0.8145701726995412,51.4,42.29921001477568
549,264.95,45.18,2.6,0.15,332,-219.77,0.1741711642251349,47.68,5.517379463834445
550,388.44,387.23,1.3,0.28,593,-1.2099999999999795,0.8284235072631196,45.07,48.33295813272806
551,264.88,571.81,2.4,0.4,895,306.92999999999995,7.511954808197582,65.05,71.46144280448603
552,427.57,368.93,1.4,0.07,426,-58.63999999999999,2.433414682408812,26.74,46.06087433175256
553,280.43,495.13,4.2,0.29,707,214.7,1.08114068607114,73.93,61.77317209761899
554,284.86,532.84,4.8,0.25,205,247.98,2.452884039957649,80.95,66.4826134742217
555,439.56,152.29,1.3,0.07,557,-287.27,0.2820550812142315,24.43,18.955380610402287
556,207.71,142.99,4.8,0.31,462,-64.72,0.5407071280015127,84.38,17.713883386902992
557,75.67,374.37,3.1,0.14,577,298.7,0.8533816590302947,49.23,46.66353716044941
558,24.1,258.4,2.2,0.24,404,234.3,1.1223559049646006,51.96,32.170385142787666
559,380.02,507.12,1.3,0.04,608,127.10000000000002,2.092510831442129,20.92,63.3368274397997
560,313.95,542.01,3.0,0.23,812,228.06,2.4654748908296944,54.88,67.67463014831053
561,355.0,224.98,4.2,0.15,236,-130.02,0.5628580721022741,64.64,27.98570147371231
562,114.35,157.38,3.8,0.41,80,43.03,0.5111067809820732,88.2,19.50961027515713
563,76.82,472.7,1.2,0.03,309,395.88,0.9091783351284812,21.91,58.98256681767698
564,17.13,179.39,1.3,0.21,470,162.26,1.2021041345573946,39.3,22.30687613804062
565,181.79,497.12,2.6,0.23,578,315.33000000000004,7.225581395348837,53.22,62.09996949057396
566,299.06,265.77,2.2,0.36,600,-33.29000000000002,1.1791561293757489,62.0,33.126342825322595
567,202.2,407.18,1.9,0.29,353,204.98,1.1804371774801414,54.47,50.79650575428934
568,224.36,75.41,2.1,0.33,991,-148.95000000000002,0.158580951780119,54.09,9.315902330195613
569,453.04,381.84,4.2,0.39,993,-71.20000000000005,1.907102187593647,81.07,47.64165975589712
570,180.65,282.03,4.7,0.43,88,101.37999999999997,0.7731509402927792,99.12,35.09155921731323
571,261.85,360.23,2.6,0.16,538,98.38,1.780144297291955,46.62,44.932240844706165
572,393.99,117.45,4.6,0.27,693,-276.54,0.3402276874945685,76.07,14.546577397253685
573,204.31,447.39,2.3,0.42,591,243.08,0.916088211806622,69.09,55.820920713536786
574,314.82,520.42,2.9,0.49,719,205.6,3.749963971753855,80.81,64.98846274147306
575,432.56,145.71,1.9,0.44,327,-286.85,0.6300428071085744,69.73,18.120941706522274
576,475.27,75.51,3.6,0.19,252,-399.76,0.1381954612005856,62.48,9.314298226201572
577,82.07,33.71,4.9,0.1,115,-48.35999999999999,0.0702760173448966,67.85,4.02171021499241
578,464.03,392.34,3.4,0.24,157,-71.69,1.2373533493124764,66.43,48.94148218965886
579,251.14,372.11,2.4,0.37,317,120.97000000000004,1.2769732326698695,67.83,46.409065058687595
580,136.54,337.08,3.6,0.25,271,200.54,2.015305512375942,68.29,42.00503197117236
581,234.98,154.53,1.5,0.24,853,-80.44999999999999,0.5297384388605122,40.47,19.22014674190359
582,490.22,246.73,4.6,0.42,579,-243.49000000000004,0.5263236486198217,92.21,30.72099917638701
583,251.38,364.8,3.0,0.18,139,113.42000000000002,0.9560500039311268,56.61,45.47809957554695
584,171.09,308.12,2.8,0.43,742,137.03,1.8106599283069875,73.58,38.40884449877615
585,320.37,592.92,3.3,0.2,304,272.54999999999995,4.829125264701091,59.96,74.05005250693804
586,127.67,99.14,3.5,0.16,504,-28.53,0.6319077060360763,55.96,12.244715182671257
587,47.17,423.18,1.3,0.23,302,376.01,3.9990549990549993,42.98,52.81929246021306
588,73.15,254.5,3.7,0.38,306,181.35,3.8461538461538463,81.94,31.691781166121217
589,72.74,268.36,2.0,0.06,432,195.62,1.121718776124394,31.68,33.42469920848279
590,84.43,436.21,3.9,0.1,491,351.78,5.7684475006612,54.09,54.4355208991296
591,78.03,421.61,4.3,0.48,907,343.58000000000004,3.941385435168739,91.93,52.592953397241324
592,324.03,594.93,4.2,0.09,648,270.9,1.9327204210252744,54.52,74.26438696002083
593,99.12,94.47,3.2,0.28,139,-4.650000000000006,0.9166504948573646,68.61,11.657013006685517
594,179.38,80.38,3.1,0.29,798,-99.0,1.634404229361529,62.02,9.928448991655529
595,449.43,440.12,1.6,0.24,439,-9.310000000000002,2.3816017316017315,45.61,54.96122715348559
596,242.24,355.46,4.1,0.32,631,113.21999999999996,2.6752464815232933,76.69,44.32219488530607
597,337.1,179.01,2.1,0.11,93,-158.09000000000003,0.6158106574013553,41.07,22.265814547169953
598,94.44,66.06,3.0,0.28,761,-28.379999999999995,0.946825283072954,60.39,8.122129682380361
599,104.22,69.68,2.1,0.19,713,-34.53999999999999,0.1670182166826462,42.87,8.58027740695529
600,30.03,538.63,1.5,0.33,647,508.6,1.077626392973611,51.53,67.22630766783396
601,92.78,131.28,3.5,0.07,68,38.5,0.318069486844018,51.32,16.246155922704787
602,146.51,207.56,1.2,0.29,150,61.05000000000001,0.6917283210024662,49.5,25.8315258016318
603,96.74,151.46,4.0,0.09,963,54.72000000000001,0.3185546628528162,49.37,18.782876161131213
604,53.46,225.9,2.3,0.14,656,172.44,0.5840529499974146,40.44,28.10827781253961
605,69.11,60.27,1.0,0.11,815,-8.839999999999996,2.920058139534884,22.85,7.449273090714286
606,235.78,321.05,3.0,0.09,406,85.27000000000001,1.4215816507261778,44.94,40.01731512207727
607,111.1,59.22,1.2,0.41,591,-51.88,0.1259303364096457,57.09,7.2838599236132495
608,188.49,484.21,2.1,0.14,810,295.72,2.420686896965455,36.9,60.44762452763217
609,256.67,155.55,3.8,0.46,987,-101.12,4.596631205673758,84.13,19.36128472644019
610,348.29,333.21,1.3,0.48,82,-15.08000000000004,0.804447019627725,70.18,41.56200982892245
611,29.26,530.45,4.4,0.29,278,501.19000000000005,1.1944650859060102,80.22,66.15088614251634
612,401.71,397.51,1.0,0.07,573,-4.199999999999989,3.938862465319065,21.27,49.65764716677408
613,317.67,329.12,2.0,0.19,679,11.449999999999989,1.0880719386405713,42.21,41.05341177909339
614,50.06,208.11,4.0,0.4,911,158.05,1.768139337298216,80.89,25.875750991519283
615,438.05,213.14,2.3,0.18,204,-224.91000000000005,0.5331298931939268,48.96,26.542649371932285
616,461.23,408.3,1.4,0.04,472,-52.93000000000001,2.5474170202146245,23.28,50.9894810874994
617,39.93,596.6,2.4,0.28,954,556.6700000000001,3.2392224997285264,52.46,74.4922961098882
618,145.67,403.87,2.1,0.42,295,258.20000000000005,0.8647068899070783,70.05,50.36872761058112
619,405.04,343.51,4.4,0.4,454,-61.53000000000003,1.273060816069377,89.46,42.82134074477012
620,376.65,443.78,2.3,0.09,893,67.13,1.1887388835315549,33.07,55.39786382704059
621,100.42,289.82,4.2,0.34,808,189.4,1.2586094584618055,77.92,36.086877664894956
622,112.58,54.88,4.6,0.11,590,-57.7,0.3146247778478472,61.1,6.690377078959372
623,191.53,346.13,2.7,0.11,210,154.6,0.9899894173840916,45.9,43.14398320299966
624,247.42,575.42,4.6,0.44,796,328.0,5.880633622892182,92.04,71.85670420321608
625,312.94,121.68,2.5,0.12,751,-191.26,0.5671405266837567,39.49,15.103409594024384
626,190.77,420.2,4.9,0.13,166,229.43,3.313096270598439,70.34,52.39524757015731
627,236.64,136.54,1.4,0.0,320,-100.1,0.352588766946417,20.8,16.958139809817666
628,376.26,330.78,3.7,0.44,819,-45.48000000000002,0.635931942708834,82.81,41.23906406309103
629,27.97,76.07,3.0,0.4,741,48.1,0.1389152666179693,72.59,9.357464784217797
630,133.69,281.22,2.6,0.31,536,147.53000000000003,1.0989449003517,61.64,35.031979924407906
631,359.54,458.57,3.5,0.38,934,99.02999999999996,3.0550966022651567,73.66,57.24779336832787
632,448.65,221.59,3.8,0.08,221,-227.06,0.8796395538089,53.79,27.581107906304382
633,260.72,405.65,1.0,0.23,999,144.92999999999995,0.8662367336479531,33.01,50.63709453407544
634,270.74,481.36,1.7,0.18,323,210.62,3.8444213720948808,41.77,60.11033272124347
635,62.51,557.76,3.9,0.05,308,495.25,1.0636764116940327,50.92,69.57627567548494
636,229.23,156.09,3.7,0.24,184,-73.13999999999999,0.7887316826680142,69.16,19.367525751436887
637,270.98,251.6,4.9,0.46,732,-19.380000000000024,0.4638643067846608,97.68,31.304810357336294
638,128.81,108.4,4.0,0.02,771,-20.41,0.2337920027606435,44.29,13.39679561018265
639,141.93,595.64,4.8,0.15,797,453.71,1.3307714649567686,65.03,74.32138317261752
640,194.87,557.66,3.8,0.1,471,362.79,3.013075426842446,53.29,69.60431501234453
641,19.83,333.18,2.2,0.12,470,313.35,16.91269035532995,39.3,41.69272671575985
642,167.82,508.38,1.4,0.45,235,340.56,2.316715275246081,66.65,63.463971275849524
643,113.61,322.16,4.1,0.23,978,208.55,1.825579418598062,64.22,40.143645780498915
644,170.47,381.68,3.6,0.23,413,211.21,10.902027992002283,64.87,47.68483185221431
645,68.68,71.69,1.2,0.38,656,3.009999999999991,0.251217717349406,53.44,8.841431943490221
646,446.36,458.06,2.4,0.08,427,11.699999999999989,1.9862110831671147,37.73,57.18704143576903
647,300.86,94.07,4.8,0.24,572,-206.79,0.2653671471691726,76.28,11.606550593656308
648,342.76,499.12,3.0,0.21,629,156.36,1.4370195491319495,54.71,62.29944988403997
649,396.69,473.58,2.7,0.3,940,76.88999999999999,5.949497487437186,57.6,59.172508049715894
650,254.24,431.07,2.8,0.5,771,176.82999999999998,0.8017222139562565,80.29,53.78078012179655
651,52.59,40.97,1.8,0.38,245,-11.620000000000005,0.3562298930527779,63.55,4.980788506364604
652,273.18,195.81,2.5,0.2,930,-77.37,0.7732801516467893,45.7,24.374592715520592
653,297.55,172.61,2.5,0.41,147,-124.94,0.6250814804084885,74.53,21.45648248728176
654,375.27,228.88,1.2,0.09,654,-146.39,0.5086335251894486,24.46,28.531417991473575
655,221.51,70.83,4.1,0.02,71,-150.68,1.0402408576883535,52.29,8.699883897670304
656,72.51,563.44,2.7,0.1,499,490.93000000000006,2.3061558611656845,42.01,70.32415730665944
657,149.05,341.21,4.3,0.17,221,192.16,0.9714163701067616,67.79,42.499389786063276
658,187.91,197.2,4.4,0.26,432,9.289999999999992,1.5156406117900236,75.68,24.50614401655966
659,326.5,250.25,1.8,0.31,183,-76.25,0.7135728542914171,57.17,31.180171512937008
660,289.68,279.38,3.6,0.46,475,-10.300000000000011,0.5487076753869118,87.25,34.79553898011051
661,184.49,368.34,2.9,0.25,74,183.85,0.6713324949423151,63.26,45.91057571442447
662,493.39,319.09,4.5,0.25,552,-174.3,9.860630407911,74.48,39.87103598751692
663,306.83,553.25,1.9,0.03,234,246.42,3.922646057855928,29.66,69.09876616184953
664,126.24,308.24,3.7,0.02,134,182.0,1.702889343130214,47.66,38.38973375368842
665,59.87,595.45,3.4,0.28,616,535.58,2.6055660088391024,65.84,74.32030585874091
666,84.9,513.83,2.2,0.22,812,428.93000000000006,3.553212087684116,45.88,64.15095535074174
667,130.52,140.94,1.5,0.42,193,10.419999999999987,1.137805764107532,65.07,17.500989292894474
668,88.73,559.75,3.6,0.08,912,471.02,1.0647910365424489,44.88,69.84663942083122
669,101.42,87.49,4.0,0.01,959,-13.930000000000009,0.1727651507671649,41.41,10.783066943488407
670,149.7,494.12,2.3,0.22,728,344.42,12.309915296462382,47.72,61.784661507802085
671,94.95,240.76,3.6,0.12,461,145.81,1.2267400387241414,53.39,29.952900013693167
672,449.42,529.23,2.6,0.02,273,79.81,2.283624595469256,35.27,66.08279146639573
673,49.31,523.47,3.9,0.36,269,474.16,3.663960243578078,82.31,65.31458071774483
674,267.01,487.44,1.8,0.06,228,220.43,1.3869398207426378,31.72,60.83978696873427
675,211.09,478.22,4.6,0.3,680,267.13,1.337304250559284,79.2,59.64732177368685
676,491.37,196.71,2.1,0.14,482,-294.66,0.4185141057827327,40.18,24.50230947815693
677,64.9,66.93,2.5,0.09,314,2.030000000000001,0.1627002455210637,40.86,8.21667169729534
678,204.95,253.73,1.2,0.19,478,48.78,0.8311386268343816,36.22,31.61986469564485
679,485.04,120.64,1.4,0.4,711,-364.4,0.3308196451586365,56.89,15.005335779843833
680,434.1,423.07,3.1,0.2,465,-11.03000000000003,2.618331476667904,56.35,52.807494541614155
681,410.37,220.74,2.1,0.38,502,-189.63,0.6642992566733877,63.98,27.501458947910166
682,136.37,585.85,4.3,0.06,776,449.48,2.11696899616969,51.24,73.11249644429887
683,93.73,391.76,1.1,0.39,246,298.03,4.537410238591614,57.54,48.9032138041642
684,337.64,497.04,2.5,0.12,603,159.40000000000003,3.4335451782260296,40.97,62.067635844458835
685,465.39,96.86,2.3,0.34,102,-368.53,0.5662340699169882,65.98,12.004199384588617
686,282.81,519.97,1.1,0.28,529,237.16000000000005,1.0205295283703952,43.71,64.92288022281592
687,290.09,555.2,1.5,0.46,492,265.11000000000007,4.01562273976566,66.08,69.35404714844726
688,147.19,302.5,2.7,0.19,379,155.31,1.7820324005891015,52.21,37.696395190554696
689,387.05,371.63,3.0,0.03,300,-15.420000000000016,1.748024459078081,40.0,46.358866833005735
690,101.65,463.59,2.6,0.01,856,361.94,1.2526074034044852,28.44,57.840746534299946
691,168.6,121.41,3.1,0.41,939,-47.19,1.5513672374137488,72.61,15.05996397666975
692,218.46,311.49,3.4,0.26,832,93.03,0.5929077204202833,61.68,38.81482094075334
693,258.73,251.22,1.0,0.39,974,-7.510000000000019,0.5254769076305221,49.26,31.323094581489784
694,128.78,104.9,2.9,0.12,172,-23.879999999999995,0.3239554059479324,49.28,12.963339589167958
695,66.27,233.17,4.9,0.17,928,166.89999999999998,0.6207768696254092,66.72,28.98485838439926
696,309.2,59.54,3.1,0.02,436,-249.66,2.49017147636972,38.64,7.337328934355
697,151.43,34.97,3.7,0.48,388,-116.46,0.178109402057655,91.12,4.212859825075711
698,294.81,98.4,2.2,0.33,827,-196.41,0.2232912771171825,56.73,12.193330319433457
699,85.64,578.61,4.1,0.47,397,492.97,10.249955713020372,94.03,72.28417207163128
700,245.76,338.73,4.1,0.13,78,92.97000000000004,2.0400505902192245,63.22,42.210947851825615
701,270.97,580.18,3.1,0.31,84,309.2099999999999,1.7681406759516043,71.16,72.41667241837422
702,35.39,270.85,4.9,0.34,567,235.46000000000004,1.779800236561966,87.33,33.6971199714376
703,174.94,200.85,1.5,0.16,445,25.91,0.390242480764747,36.55,24.994479839524146
704,75.86,313.56,1.1,0.42,672,237.7,3.683740601503759,56.28,39.12406775614544
705,41.05,274.92,4.1,0.47,343,233.87,0.6225402504472272,94.57,34.201348256603765
706,495.08,81.29,4.2,0.44,638,-413.79,0.283487358326068,89.62,10.040321885454404
707,167.95,391.68,1.5,0.37,398,223.73,0.9405662416252432,58.02,48.859467467547184
708,406.84,145.3,2.1,0.14,196,-261.54,0.8017436406775921,43.04,18.062637605199768
709,134.77,379.36,1.1,0.14,116,244.59,1.3070111972437557,33.84,47.31912058428735
710,343.94,397.12,2.2,0.48,953,53.18000000000001,0.8388500454151792,70.47,49.55930091562435
711,382.51,108.17,4.1,0.01,569,-274.34,0.4085278344285822,46.31,13.390662759678563
712,301.86,55.58,3.1,0.36,171,-246.28000000000003,0.2679199807182453,75.29,6.811162585962535
713,241.07,472.84,2.4,0.35,389,231.77,1.566525311423271,65.11,59.00781439032703
714,211.8,286.68,2.5,0.31,224,74.88,0.7188745956518469,63.76,35.71317547413752
715,180.95,53.74,1.0,0.5,949,-127.20999999999998,0.212991954341881,60.51,6.618480762355858
716,465.47,597.02,2.2,0.16,740,131.54999999999995,1.1541078677749856,40.6,74.56565421634242
717,417.0,53.51,3.6,0.17,646,-363.49,0.3096643518518518,56.54,6.568306294300115
718,482.86,423.12,4.9,0.04,500,-59.74000000000001,1.5707762557077625,58.0,52.78034960286738
719,70.91,590.53,4.4,0.22,606,519.62,1.4061577293075531,69.94,73.67748956100797
720,368.13,158.72,1.1,0.13,185,-209.41,0.4136780650542118,32.15,19.747651513119834
721,469.79,102.5,4.6,0.17,904,-367.29,0.2148621737763337,63.96,12.688891962999108
722,98.8,90.4,4.1,0.42,65,-8.399999999999991,0.1648762516186689,92.35,11.124180986705866
723,42.58,195.9,4.1,0.47,382,153.32,0.8049471997370259,94.18,24.3239449796459
724,373.15,78.61,2.8,0.09,244,-294.54,1.0555928561836982,44.56,9.71326827321289
725,291.49,421.45,2.6,0.19,545,129.95999999999998,13.477774224496322,49.55,52.716995011022924
726,422.5,56.13,2.2,0.46,58,-366.37,0.138976923838764,77.42,6.902771618476507
727,78.49,315.46,1.3,0.03,877,236.97,0.6536676336510567,17.23,39.33077412104736
728,399.68,598.08,1.9,0.05,383,198.40000000000003,4.4941388638412985,30.17,74.72372498026095
729,108.8,492.1,2.0,0.08,382,383.3,4.932344392101835,34.18,61.444480223365495
730,90.19,376.83,2.9,0.3,376,286.64,7.805095277547638,65.24,47.04637712512669
731,90.49,197.63,4.0,0.08,64,107.14,0.4342085026914204,57.36,24.53550771697708
732,409.14,381.86,2.9,0.48,888,-27.279999999999973,2.102869100721405,78.12,47.65942901426764
733,335.95,325.68,1.2,0.22,663,-10.269999999999982,1.4165543038580315,37.37,40.640883611326636
734,266.3,267.13,4.8,0.25,275,0.8299999999999841,0.9406979610522236,80.25,33.24222924418751
735,185.83,95.81,4.8,0.12,474,-90.02000000000001,0.2064381288918575,65.26,11.808958782281053
736,439.83,534.23,4.1,0.24,839,94.40000000000003,1.470897577092511,66.61,66.6879454034785
737,202.3,280.88,5.0,0.33,457,78.57999999999998,0.8163692379236179,88.43,34.95445360046581
738,410.13,132.88,3.2,0.38,162,-277.25,1.2193062947329785,78.38,16.49659991966294
739,225.18,233.3,4.9,0.38,477,8.120000000000005,0.8057052079016439,92.23,29.00952052597337
740,194.7,260.2,1.3,0.29,50,65.5,0.654212656827496,51.5,32.41432481807898
741,236.71,499.97,2.5,0.45,315,263.26,0.9333196438238534,76.85,62.38947318052663
742,157.68,445.5,1.9,0.41,540,287.82,3.629327902240326,64.6,55.614064203106324
743,376.33,466.2,1.8,0.38,257,89.87,23.182496270512186,63.43,58.43228094504269
744,256.33,26.4,1.6,0.03,671,-229.93,0.4774823657080846,22.29,3.1950296126083657
745,123.78,261.37,3.5,0.0,761,137.59,1.209598296927064,37.39,32.541346870406386
746,450.79,299.18,4.1,0.11,418,-151.61,0.6590012995880966,57.82,37.28050097142266
747,198.11,31.13,3.3,0.33,355,-166.98000000000002,1.6540913921360254,72.45,3.7591352478794846
748,276.34,170.69,1.6,0.21,61,-105.64999999999998,0.6581453634085213,46.39,21.226544860837677
749,454.17,460.97,4.2,0.2,394,6.800000000000011,2.411687768128074,68.06,57.52750566653669
750,315.88,99.52,3.5,0.44,514,-216.36,2.310120705663881,83.86,12.330653163191897
751,67.28,330.48,2.6,0.45,749,263.20000000000005,1.2915429107394092,73.51,41.191292800147195
752,470.52,144.82,3.7,0.45,715,-325.7,0.9572344503932844,84.85,17.998211447898953
753,317.58,27.03,2.0,0.16,543,-290.54999999999995,0.132982387090426,40.57,3.2673719561054497
754,174.1,159.9,2.4,0.35,417,-14.199999999999989,0.4073885350318471,64.83,19.859611252829566
755,78.24,586.01,4.7,0.14,895,507.77,1.993027922320852,62.05,73.12150785896824
756,399.07,484.89,2.2,0.1,986,85.82,5.93573264781491,32.14,60.595654385266954
757,313.84,576.55,2.9,0.09,469,262.71,1.0891453831041256,43.31,71.97208248289841
758,271.4,302.96,4.6,0.17,938,31.56,0.852903915993356,63.62,37.74046291077811
759,448.01,83.65,3.8,0.21,840,-364.36,0.1969440128078353,60.6,10.340407851989696
760,396.41,337.82,1.2,0.42,220,-58.59000000000003,5.887417218543046,61.8,42.20335969828665
761,84.32,283.54,1.6,0.06,183,199.22000000000003,7.056744649079144,30.17,35.38869705314784
762,162.74,509.73,1.0,0.37,476,346.99,20.068110236220477,52.24,63.83627821881277
763,131.76,76.89,3.5,0.27,74,-54.86999999999999,0.6628448275862069,71.26,9.45339212447584
764,374.53,303.18,2.8,0.14,579,-71.34999999999997,1.280807739427992,46.21,37.8032821407363
765,26.43,107.03,1.5,0.25,239,80.6,0.2075552194232746,47.61,13.240900534408027
766,289.25,208.31,4.8,0.15,190,-80.94,0.8026432397025393,71.1,25.88650474379422
767,383.6,447.67,3.1,0.3,604,64.07,2.6288684009630634,64.96,55.88138695499619
768,439.62,296.09,2.0,0.22,895,-143.53000000000003,0.9380623495121024,43.05,36.939808983720276
769,177.62,238.02,3.0,0.08,845,60.400000000000006,3.178685897435898,39.55,29.658522775976422
770,412.42,248.8,3.7,0.06,707,-163.62,0.7294262511360639,45.93,30.990765441146408
771,64.21,286.48,1.3,0.27,364,222.27000000000004,0.8977468584500643,46.36,35.69636788999269
772,424.76,475.31,2.1,0.45,493,50.55000000000001,1.0834017140773158,71.07,59.33806719249526
773,72.47,537.41,4.2,0.17,368,464.94,0.9899241084585912,65.32,67.02874481063284
774,204.67,574.09,2.8,0.37,490,369.4200000000001,3.8472724835812895,70.1,71.68477906540289
775,400.67,476.4,3.2,0.33,141,75.72999999999996,1.6560642402753154,73.59,59.452654349119506
776,83.46,202.94,2.7,0.47,228,119.48,0.404875907748783,81.72,25.22246620110758
777,122.33,419.12,1.2,0.41,105,296.79,0.963317091109681,61.95,52.28373852569223
778,363.9,273.81,1.7,0.28,204,-90.08999999999996,0.99292863359443,52.96,34.13510348928391
779,362.82,167.71,2.8,0.33,721,-195.11,0.3220423603510187,63.79,20.85615132507523
780,324.16,507.71,1.8,0.45,160,183.54999999999995,11.129110039456378,71.4,63.48426400977725
781,350.03,42.29,1.2,0.2,186,-307.73999999999995,0.0824237935604584,40.14,5.182506698924158
782,275.93,543.02,4.4,0.16,281,267.09,12.922893860066631,67.19,67.87591181126416
783,133.38,287.66,4.9,0.01,517,154.28000000000003,0.9345375393911828,54.83,35.79911531142814
784,179.39,389.58,4.2,0.41,781,210.19,0.7928122265410367,85.19,48.56333011128149
785,98.98,402.43,4.4,0.4,530,303.45,2.5869760863975317,88.7,50.1719684275645
786,455.14,539.17,2.0,0.05,117,84.02999999999997,2.0144591817672333,33.83,67.32907814030472
787,295.86,389.27,4.8,0.29,863,93.40999999999995,2.06487375344791,78.37,48.54329239626863
788,206.42,376.08,1.8,0.23,298,169.66,0.717162471395881,48.02,46.90355801693587
789,236.38,58.66,4.8,0.06,372,-177.72,0.1287391638318885,60.28,7.165986646301377
790,474.17,320.68,5.0,0.49,971,-153.49,0.8132481233515927,99.29,39.97179619355112
791,85.14,107.1,3.8,0.11,953,21.959999999999997,0.3251563543627421,49.47,13.237942530664341
792,297.25,447.71,4.9,0.03,567,150.45999999999998,0.9861019338355138,56.33,55.83049686565832
793,257.89,317.09,3.3,0.3,841,59.19999999999999,1.410166325713777,64.59,39.52984179483878
794,309.61,414.53,2.0,0.37,481,104.91999999999996,1.6291856626316616,62.19,51.733236978647724
795,18.87,44.17,2.7,0.02,536,25.3,0.1089138207372703,33.64,5.367393890268019
796,437.34,69.18,3.4,0.33,655,-368.16,0.3351744186046512,70.45,8.533405546023971
797,466.74,435.47,1.3,0.27,478,-31.269999999999985,8.852815612929458,45.22,54.457295184834386
798,286.92,61.81,3.5,0.05,318,-225.11,1.1285375205404418,46.82,7.595066605284771
799,351.36,61.33,4.9,0.09,758,-290.03000000000003,0.7994004171011471,60.42,7.526758788278983
800,462.02,27.02,1.8,0.28,586,-435.0,0.0562588490047472,50.14,3.284776491156009
801,356.55,574.77,4.2,0.15,197,218.22,2.1475489463458377,65.03,71.73892026223129
802,84.74,447.75,4.6,0.47,167,363.01,1.1295693635056383,101.33,55.80979464955917
803,292.38,224.89,4.8,0.41,899,-67.49000000000001,0.9985791039474268,90.01,27.978577977500265
804,307.29,191.99,4.8,0.49,416,-115.3,1.2514829541750865,102.84,23.857928875642116
805,217.82,222.83,3.1,0.13,899,5.010000000000019,1.1099875466998754,45.01,27.740782151783463
806,370.86,469.3,4.9,0.48,115,98.44,1.0668576234967833,105.85,58.52822705301642
807,467.84,403.59,4.0,0.22,862,-64.25,1.1547969898995678,63.38,50.35472277139481
808,463.53,127.41,1.6,0.17,419,-336.12,0.2466127283988851,38.81,15.838727188388319
809,230.91,120.98,2.9,0.03,224,-109.93,0.3195119374603845,39.76,14.985971328751333
810,65.49,77.07,3.9,0.03,880,11.579999999999998,0.2408061240431182,43.2,9.476811003762194
811,492.57,402.98,2.0,0.35,637,-89.58999999999997,1.1802020793674035,58.63,50.30729483051456
812,421.06,463.34,3.6,0.23,544,42.27999999999997,0.8924629697401621,63.56,57.816717106598155
813,71.08,173.73,3.7,0.11,163,102.65,0.3978337035425587,56.37,21.551637573666795
814,461.21,32.15,1.7,0.31,160,-429.06,1.1539842067480257,56.4,3.929658065320382
815,436.25,67.66,3.3,0.13,810,-368.59,0.2249634259874983,47.9,8.34721129561865
816,264.23,581.36,4.1,0.29,488,317.13,1.516881490372071,75.12,72.55459485068252
817,299.72,191.36,3.0,0.18,764,-108.36,0.4604981350018048,50.36,23.805955207695334
818,205.51,466.15,1.0,0.41,196,260.64,3.612725722700147,59.04,58.207016747091345
819,36.83,382.3,1.0,0.41,84,345.47,0.7982210715329686,60.16,47.67160822940061
820,174.25,241.52,2.4,0.24,358,67.27000000000001,0.4588320224932558,54.42,30.06435907291167
821,403.4,139.3,4.7,0.18,587,-264.1,0.9834792431516522,69.13,17.28258405694035
822,12.27,90.4,1.9,0.18,799,78.13000000000001,0.1855500821018062,39.01,11.16658752946961
823,173.41,376.71,3.5,0.4,63,203.3,5.632625598086125,84.37,47.00006320969972
824,205.1,469.29,1.9,0.16,423,264.19000000000005,10.475223214285716,40.77,58.66515175693446
825,273.32,393.46,2.3,0.1,606,120.14,4.676809699274932,36.94,49.126075633842156
826,460.73,327.58,4.4,0.04,477,-133.15000000000003,7.1383743735018514,53.23,40.89947055469352
827,179.71,44.33,3.9,0.23,777,-135.38,0.0949087950672261,64.23,5.39126096352058
828,180.01,581.72,1.4,0.24,282,401.71,12.485941189096373,45.18,72.74670897163143
829,371.38,483.25,2.7,0.42,754,111.87,3.013907945615567,71.46,60.34280867571404
830,231.59,189.84,1.1,0.11,612,-41.75,2.692384058998724,25.88,23.658897452089235
831,120.06,588.38,2.9,0.19,988,468.32,3.4000577867668302,48.12,73.467755733036
832,231.7,369.09,3.6,0.4,936,137.39,5.817021276595744,76.64,46.074242360436216
833,79.02,357.81,1.5,0.41,775,278.79,0.9608733014662442,58.25,44.62398641484568
834,96.43,453.88,2.2,0.19,712,357.45,5.257500289586471,43.88,56.67232032757292
835,254.2,490.83,2.6,0.23,489,236.63,1.0426774865106003,54.11,61.25217374430769
836,215.27,400.76,4.7,0.15,551,185.49,0.8862450243255197,66.49,49.95293322268884
837,458.27,94.3,5.0,0.47,324,-363.97,4.22680412371134,103.76,11.686053624119978
838,187.57,216.2,1.2,0.06,899,28.629999999999995,0.4374658545962243,19.01,26.93090615171357
839,294.49,558.29,4.0,0.47,125,263.79999999999995,18.31059363725812,95.75,69.84813799179209
840,319.81,150.28,2.5,0.34,488,-169.53,1.0493680608896023,64.12,18.679301664354867
841,16.42,235.86,2.6,0.27,781,219.44,7.295391277451285,55.19,29.420603967557383
842,335.13,270.6,4.0,0.02,909,-64.52999999999997,1.3899732895007193,42.91,33.71553339500217
843,97.24,274.85,4.7,0.24,748,177.61,0.9480201434878588,73.52,34.20217835705789
844,480.92,375.5,4.8,0.2,338,-105.42000000000002,0.8510686521157725,74.62,46.81585765701491
845,82.84,566.98,3.3,0.08,964,484.14,2.8954141558574205,41.36,70.77574059486012
846,213.17,159.6,2.4,0.33,589,-53.56999999999999,0.4066863724390989,61.11,19.830254354936017
847,51.82,90.47,4.2,0.49,940,38.65,0.784580695516434,91.6,11.153454019561337
848,498.47,134.53,2.0,0.28,741,-363.94000000000005,0.3229469236862952,50.59,16.734795190328597
849,256.08,534.42,3.3,0.36,302,278.34,3.7832365850205294,75.98,66.71715434221947
850,301.74,394.57,2.4,0.03,175,92.82999999999998,4.298148148148148,35.25,49.25220005456287
851,42.87,185.83,3.6,0.21,226,142.96,1.6273754269200458,64.74,23.077923433119963
852,377.48,493.25,2.0,0.06,86,115.76999999999998,4.388345195729537,35.14,61.60408174275597
853,112.85,519.59,1.8,0.31,459,406.74,1.7955283710000691,54.41,64.85312943385378
854,450.05,510.98,4.7,0.47,660,60.93000000000001,1.0942458830331712,97.4,63.76431117071502
855,110.52,552.98,1.4,0.33,659,442.46,9.602014238583086,50.41,69.12329190614204
856,103.44,166.3,3.0,0.04,176,62.860000000000014,0.4229184680331621,42.24,20.63754207213249
857,27.91,457.92,1.9,0.18,532,430.01,1.2543004273036047,41.68,57.12732314576345
858,241.31,287.11,1.2,0.28,217,45.80000000000001,0.5959111664591117,47.83,35.78885437759463
859,286.77,508.36,1.1,0.2,641,221.59000000000003,3.491003982969372,34.59,63.500975906736265
860,42.2,442.52,1.7,0.42,343,400.32,1.7298776435635823,65.57,55.20713091077019
861,390.01,470.34,4.5,0.41,894,80.32999999999998,0.9216569995297068,87.06,58.68310402933454
862,232.11,400.57,2.1,0.31,687,168.45999999999998,1.0882097256180383,55.13,49.97685032173264
863,266.95,122.91,4.8,0.19,392,-144.04,0.5511906363514059,73.08,15.207924004611002
864,225.97,336.12,3.3,0.13,359,110.15,3.939983589262689,52.41,41.92207915989803
865,206.37,591.11,2.7,0.05,711,384.74,3.803062471852281,34.89,73.81932730077487
866,284.22,563.69,3.3,0.18,577,279.47,1.729375671115202,55.23,70.36415921411667
867,86.07,45.04,3.1,0.21,589,-41.03,0.1128199989980461,56.11,5.478362994310402
868,99.14,115.59,4.0,0.34,468,16.450000000000003,1.4170650974623025,79.32,14.29840762496434
869,432.27,96.4,2.1,0.33,493,-335.87,0.2870927392935851,59.07,11.952356405213635
870,473.6,441.07,2.4,0.04,734,-32.53000000000003,1.4253813340227508,30.66,55.066631507835964
871,192.92,494.32,4.6,0.2,607,301.4,1.7047280753181362,69.93,61.660770139162274
872,142.66,143.84,4.8,0.09,889,1.1800000000000068,0.374368851179012,58.11,17.82138784264926
873,325.56,313.39,4.6,0.08,285,-12.170000000000016,0.6768097788527988,61.15,39.03325848214408
874,210.28,507.61,2.7,0.41,488,297.33000000000004,2.702928647497337,73.12,63.36201643312582
875,22.44,445.02,4.1,0.02,263,422.58,0.9070563776446128,50.37,55.46944397274977
876,86.51,334.5,2.9,0.21,134,247.99,3.313849811769368,58.66,41.69889609304651
877,360.83,362.4,3.0,0.08,843,1.5699999999999932,3.3689690434135917,39.57,45.23217284980075
878,332.87,314.85,1.8,0.44,793,-18.019999999999985,1.9962591935074816,64.07,39.28634620008144
879,23.28,192.58,3.4,0.28,134,169.3,2.439265357821406,70.66,23.929606014418567
880,118.77,347.71,1.7,0.12,970,228.94,2.5156272608884387,29.3,43.38360087494686
881,123.23,419.55,2.3,0.25,538,296.32,5.8327540664534965,52.62,52.38325823886328
882,339.23,526.53,4.4,0.37,114,187.29999999999995,1.1581251099771248,89.86,65.68950931447667
883,19.66,389.05,1.8,0.48,695,369.39,4.354224958030219,69.05,48.554035907982474
884,61.01,461.45,1.3,0.11,712,400.44,1.112463837994214,26.88,57.58423693097726
885,401.96,112.84,1.3,0.44,676,-289.12,2.777258183608171,60.24,14.048436006815066
886,97.49,287.7,4.8,0.47,113,190.21,0.5506641656777552,103.87,35.78828535942687
887,329.85,25.41,3.0,0.46,392,-304.44,0.0642526613902445,82.08,3.0462615030650966
888,126.71,163.07,2.6,0.32,988,36.36,8.748390557939913,58.12,20.351422903906226
889,58.73,441.35,4.2,0.31,924,382.62,1.0417551810414012,73.76,55.02969981635916
890,129.15,595.25,4.3,0.2,968,466.1,2.052373892355964,63.32,74.29084635255506
891,363.91,77.52,2.3,0.38,401,-286.39000000000004,0.1794610612093712,66.99,9.577951772667745
892,429.29,252.87,3.8,0.27,207,-176.42000000000002,0.8585251578732939,72.93,31.489656567965696
893,416.81,484.04,4.1,0.34,638,67.23000000000002,1.3522559016622435,78.62,60.40390682930909
894,204.62,138.34,3.6,0.21,540,-66.28,0.3175193371433817,61.6,17.150240100604776
895,337.36,341.95,1.6,0.37,707,4.589999999999975,1.4756397531610064,55.93,42.670815782843256
896,110.44,445.18,4.5,0.41,904,334.74,27.06261398176292,86.96,55.79068498209686
897,153.64,377.27,3.2,0.07,512,223.63,0.8031806182406539,43.88,47.03082766170882
898,449.2,129.05,2.1,0.42,274,-320.15,0.5898619617880977,70.26,16.03480417679026
899,16.37,226.12,2.7,0.27,966,209.75,0.8064769241743348,54.34,28.135225854039433
900,51.9,474.6,1.2,0.42,362,422.7000000000001,24.77035490605428,60.38,59.4770626540867
901,111.86,341.45,1.5,0.22,664,229.59,1.227045675063787,40.36,42.58217219361951
902,23.0,23.03,4.1,0.19,968,0.0300000000000011,0.0424304954216334,60.32,2.7120524703767472
903,98.9,461.37,1.0,0.46,908,362.47,2.8154634771465186,56.92,57.60593666047881
904,295.69,40.48,2.7,0.13,862,-255.21,0.1786802030456852,41.38,4.943803763764606
905,216.5,452.53,3.1,0.42,989,236.03,1.1826211943028877,73.11,56.4645892684746
906,447.41,137.44,1.2,0.24,515,-309.97,0.3048058370850058,40.85,17.100235525251875
907,410.55,575.68,4.9,0.26,137,165.12999999999994,2.415778430549727,83.63,71.84904240080316
908,177.49,233.41,1.9,0.15,932,55.91999999999999,1.2919134333314883,34.68,29.080830737373986
909,137.12,209.62,2.2,0.29,352,72.5,0.4056585516894376,57.48,26.074119166515814
910,196.05,106.36,2.2,0.16,729,-89.69000000000001,0.2819201102658573,40.71,13.176475775159815
911,299.24,197.25,1.9,0.02,484,-101.99,2.506990340620234,26.16,24.57516545055364
912,141.35,528.46,1.0,0.14,731,387.11,10.186198920585968,26.69,66.07489859880681
913,315.83,597.87,3.9,0.0,184,282.04,2.1843989769820973,47.16,74.6277259823241
914,210.61,233.62,4.9,0.49,99,23.00999999999999,1.75984934086629,107.01,29.04951060468437
915,280.5,280.19,1.9,0.48,481,-0.3100000000000023,1.857038706256628,72.19,34.93664961844969
916,223.7,438.8,3.7,0.2,389,215.1,0.9055451224797244,63.11,54.72227594601684
917,154.29,533.99,4.0,0.36,396,379.7000000000001,8.486808645899554,82.04,66.6947596641904
918,474.74,363.97,4.4,0.17,695,-110.76999999999998,0.9151413054410138,64.05,45.388761023995876
919,384.17,247.08,2.7,0.34,396,-137.09,1.5436711233287517,67.04,30.789854705536925
920,78.66,259.32,2.2,0.4,698,180.66,0.6148228934515625,65.02,32.29257067276697
921,435.55,423.46,2.3,0.47,294,-12.090000000000032,1.0547211636653464,77.06,52.84796866310637
922,248.84,21.87,3.9,0.2,158,-226.97,1.1540897097625331,67.42,2.5873368638206813
923,448.33,379.36,4.3,0.39,874,-68.96999999999997,1.3200180938793975,83.26,47.320380218774915
924,401.93,226.19,1.7,0.13,848,-175.74,2.526133571588117,31.52,28.216469063098458
925,218.35,480.63,2.5,0.5,582,262.28,1.0045983738477935,79.18,59.976284284230466
926,21.01,73.93,4.6,0.01,139,52.92,0.1536048202784126,55.61,9.050353845111914
927,141.65,361.16,4.2,0.3,345,219.51,1.5122686542165649,78.55,45.00339572394853
928,275.4,298.96,4.9,0.33,161,23.56,1.1828288822947577,90.39,37.22154238460516
929,320.4,392.55,4.0,0.34,862,72.15000000000003,2.2145436082590546,75.38,48.97009383211158
930,136.36,57.62,2.6,0.06,638,-78.74000000000001,0.1446357748882976,35.62,7.065966894062697
931,78.28,356.39,3.4,0.47,226,278.11,1.7226894818252128,88.74,44.412200697035374
932,419.12,345.66,3.6,0.09,392,-73.45999999999998,2.1839893852277754,51.08,43.11256709871851
933,492.36,345.18,1.3,0.31,709,-147.18,1.401803118908382,46.91,43.0951045272383
934,267.59,370.02,3.2,0.11,150,102.43,5.786082877247849,51.5,46.18195493588319
935,94.12,412.35,3.8,0.15,807,318.23,0.9949810583210676,54.93,51.410392367805564
936,143.43,486.89,1.7,0.27,678,343.46,22.39604415823367,47.22,60.99736834722226
937,19.01,176.5,4.1,0.21,653,157.49,0.490550305725403,65.47,21.89862352803064
938,458.01,498.53,3.3,0.08,450,40.51999999999998,4.418417087653992,46.5,62.261380307541856
939,67.7,308.99,4.8,0.09,77,241.29,2.217525477249892,66.23,38.46437778783712
940,292.49,64.69,1.2,0.21,986,-227.8,0.1821945586661409,33.14,7.996924222327138
941,144.29,53.96,2.1,0.38,586,-90.32999999999998,0.0987880341254439,63.14,6.615254965219336
942,281.55,213.86,3.4,0.45,107,-67.69,0.4961028115431011,87.93,26.596210208617308
943,329.2,475.24,2.2,0.04,547,146.04000000000002,3.499042850831984,30.53,59.34500831190456
944,416.57,430.45,3.9,0.2,346,13.879999999999995,3.942933040212513,65.54,53.72750444823296
945,111.15,477.4,4.0,0.05,183,366.25,0.99784712497126,53.17,59.52827054240041
946,15.39,320.02,1.4,0.01,380,304.63,1.266703609879671,21.2,39.88773882076555
947,77.07,275.32,3.1,0.33,298,198.25,3.117300724637681,71.02,34.296752391211896
948,451.01,105.52,3.0,0.3,599,-345.49,0.2215503485344755,64.01,13.082418865341126
949,438.21,210.35,2.5,0.08,951,-227.86,0.4657779942871061,33.49,26.207357582208502
950,302.73,271.73,4.7,0.12,990,-31.0,0.5019117456916456,59.1,33.83473353603307
951,304.25,71.39,4.3,0.01,124,-232.86,0.1422933567200175,52.76,8.76710264819269
952,335.87,147.95,3.8,0.42,703,-187.92,0.3143124216608952,82.97,18.366451957735663
953,95.93,366.97,3.9,0.49,883,271.04,8.508462786923255,89.17,45.81794477599257
954,458.06,446.68,2.8,0.07,217,-11.379999999999995,6.30369743155518,42.83,55.800983785303345
955,215.2,599.04,4.7,0.12,820,383.84,1.8754578754578752,60.8,74.76229893326447
956,197.74,561.21,3.8,0.43,552,363.47,1.8748246141511329,85.48,70.03805725107436
957,264.27,392.69,3.9,0.46,934,128.42000000000002,1.5102880658436215,85.66,48.977233858753905
958,33.01,264.32,4.4,0.21,404,231.31,1.162970784934882,70.96,32.877697420935135
959,91.48,388.98,2.1,0.03,274,297.5,1.5831501831501833,31.26,48.508454174010154
960,371.64,475.68,4.2,0.02,713,104.04000000000002,1.4885001721062678,46.87,59.35545765928983
961,50.57,88.63,1.8,0.29,580,38.06,5.50155183116077,51.2,11.003362768566006
962,305.54,257.74,2.4,0.2,195,-47.80000000000001,1.668436043500777,52.05,32.11573731621105
963,130.22,507.09,2.3,0.01,290,376.87,1.7349459422471605,31.1,63.27963264989848
964,200.75,242.62,4.9,0.29,933,41.870000000000005,0.6044495378559506,78.67,30.180707516343645
965,151.46,351.69,4.4,0.01,942,200.23,3.2512711472681888,45.58,43.84995143995785
966,184.28,360.91,3.8,0.39,393,176.63000000000002,1.1733857858118215,83.07,44.980354631768414
967,362.33,127.0,3.9,0.15,798,-235.33,0.3197059712012889,56.02,15.75045254715242
968,155.59,230.1,3.2,0.02,84,74.50999999999999,0.9099177475482442,43.16,28.62048571613299
969,287.54,214.02,4.8,0.29,751,-73.52000000000001,7.25737538148525,79.49,26.68323008495618
970,243.26,35.19,3.0,0.2,50,-208.07,0.1378054511278195,59.5,4.252753022315645
971,335.2,34.03,2.5,0.49,202,-301.17,0.1960253456221198,81.98,4.129450120859389
972,469.05,502.38,1.7,0.27,478,33.329999999999984,0.9805215083144664,49.22,62.73231678728766
973,368.96,178.38,4.1,0.14,994,-190.58,2.184155748744949,55.06,22.19720758008036
974,115.32,320.49,3.9,0.35,557,205.17,0.8802977449391601,78.43,39.918094956192576
975,25.28,193.26,2.5,0.14,175,167.98,4.472575792640592,47.25,24.051847565884586
976,138.51,565.59,1.1,0.45,540,427.08,2.229365392195507,60.6,70.62506913192402
977,301.59,170.39,4.4,0.19,531,-131.2,0.5472091977647889,67.69,21.15781050086339
978,35.2,269.2,1.0,0.27,394,234.0,1.543489478814288,43.06,33.54500308977151
979,253.22,526.18,3.8,0.03,961,272.9599999999999,2.0357488296514097,41.39,65.67517601669246
980,302.45,508.32,4.9,0.21,787,205.87,4.959219512195122,72.13,63.45769780246675
981,173.78,127.94,2.8,0.42,270,-45.84,0.7199369759720893,77.3,15.857108970964731
982,387.75,485.53,1.9,0.4,964,97.77999999999996,1.3980534999568082,59.36,60.629501302558694
983,62.23,285.75,3.8,0.11,968,223.52,1.6193471608296497,49.32,35.587783613860985
984,46.82,300.12,4.3,0.11,772,253.3,0.6046417922475622,56.28,37.35958598260398
985,366.81,97.42,3.2,0.41,74,-269.39,0.2773917995444191,82.26,12.045919413359783
986,252.79,66.75,4.9,0.47,577,-186.04,0.2673421980134572,100.23,8.183989919561057
987,347.32,442.2,1.2,0.05,231,94.88,12.37615449202351,24.69,55.3200510194259
988,223.07,307.95,3.0,0.23,548,84.88,1.091015375894565,57.52,38.37769742976192
989,130.74,273.37,3.9,0.17,890,142.63,0.644497359486986,57.1,34.03318039047065
990,411.36,443.11,4.5,0.44,690,31.75,2.8210988731138986,92.1,55.2964255354945
991,401.71,464.0,1.7,0.04,91,62.29000000000002,1.0389145134566298,30.09,57.91784692090119
992,350.4,112.17,4.2,0.11,964,-238.23,0.749198503873898,53.36,13.898718405901036
993,143.35,373.93,3.2,0.38,530,230.58,0.8205617730963354,74.7,46.61270858409425
994,299.21,98.51,2.6,0.03,979,-200.7,1.6250412405146817,29.21,12.220038998860872
995,186.88,455.8,1.5,0.25,897,268.92,0.9527392822056396,41.03,56.890625862111385
996,54.88,401.03,4.5,0.22,797,346.15,1.4217896901368503,69.03,49.984268668650316
997,459.48,574.84,1.6,0.17,921,115.36,3.310336884537864,33.79,71.82860241445569
998,77.04,60.0,2.2,0.2,488,-17.040000000000006,0.3825554705432287,47.12,7.362560507460103
999,475.62,53.09,2.2,0.26,451,-422.53,0.2156990208426441,53.49,6.538294596282768
1000,228.54,183.67,4.5,0.08,595,-44.870000000000005,0.3342554004622468,57.05,22.80816081396489
